1725248243.896126840,0.000132502,1.76995e-08,7.96131e-09
1725248243.905946719,0.000132502,1.76995e-08,7.96131e-09
1725248243.936179826,0.000132502,1.76995e-08,7.96131e-09
1725248243.956227519,0.000132502,1.76995e-08,7.96131e-09
1725248243.976137488,0.000132502,1.76995e-08,7.96131e-09
1725248243.996160534,0.000132502,1.76995e-08,7.96131e-09
1725248244.025925339,0.000132502,1.76995e-08,7.96131e-09
1725248244.036158633,0.000132502,1.76995e-08,7.96131e-09
1725248244.056049094,0.000132502,1.76995e-08,7.96131e-09
1725248244.076136554,0.000132502,1.76995e-08,7.96131e-09
1725248244.105988467,0.000132502,1.76995e-08,7.96131e-09
1725248244.125934034,0.000132502,1.76995e-08,7.96131e-09
1725248244.136134967,0.000132502,1.76995e-08,7.96131e-09
1725248244.166154673,0.000132502,1.76995e-08,7.96131e-09
1725248244.185925122,0.000132502,1.76995e-08,7.96131e-09
1725248244.206262163,0.000132502,1.76995e-08,7.96131e-09
1725248244.225922230,0.000132502,1.76995e-08,7.96131e-09
1725248244.245957349,0.000132502,1.76995e-08,7.96131e-09
1725248244.265862729,0.000132502,1.76995e-08,7.96131e-09
1725248244.296238099,0.000132502,1.76995e-08,7.96131e-09
1725248244.306254557,0.000132502,1.76995e-08,7.96131e-09
1725248244.326029616,0.000132502,1.76995e-08,7.96131e-09
1725248244.355899734,0.000132502,1.76995e-08,7.96131e-09
1725248244.375942017,0.000132502,1.76995e-08,7.96131e-09
1725248244.396160330,0.000132502,1.76995e-08,7.96131e-09
1725248244.416167125,0.000132502,1.76995e-08,7.96131e-09
1725248244.435911174,0.000132502,1.76995e-08,7.96131e-09
1725248244.455915965,0.000132502,1.76995e-08,7.96131e-09
1725248244.476144647,0.000132502,1.76995e-08,7.96131e-09
1725248244.495923823,0.000132502,1.76995e-08,7.96131e-09
1725248244.525946916,0.000132502,1.76995e-08,7.96131e-09
1725248244.536136326,0.000132502,1.76995e-08,7.96131e-09
1725248244.565942991,0.000132502,1.76995e-08,7.96131e-09
1725248244.585939386,0.000132502,1.76995e-08,7.96131e-09
1725248244.605918567,0.000132502,1.76995e-08,7.96131e-09
1725248244.625956232,0.000132502,1.76995e-08,7.96131e-09
1725248244.645915856,0.000132502,1.76995e-08,7.96131e-09
1725248244.665990672,0.000132502,1.76995e-08,7.96131e-09
1725248244.696160486,0.000132502,1.76995e-08,7.96131e-09
1725248244.716162562,0.000132502,1.76995e-08,7.96131e-09
1725248244.725927014,0.000132502,1.76995e-08,7.96131e-09
1725248244.756118982,0.000132502,1.76995e-08,7.96131e-09
1725248244.775944928,0.000132502,1.76995e-08,7.96131e-09
1725248244.796249336,0.000132502,1.76995e-08,7.96131e-09
1725248244.816235431,0.000132502,1.76995e-08,7.96131e-09
1725248244.836297432,0.000132502,1.76995e-08,7.96131e-09
1725248244.856455087,0.000132502,1.76995e-08,7.96131e-09
1725248244.886164255,0.000132502,1.76995e-08,7.96131e-09
1725248244.896128001,0.000132502,1.76995e-08,7.96131e-09
1725248244.926169538,0.000132502,1.76995e-08,7.96131e-09
1725248244.936167491,0.000132502,1.76995e-08,7.96131e-09
1725248244.965916094,0.000132502,1.76995e-08,7.96131e-09
1725248244.985974478,0.000132502,1.76995e-08,7.96131e-09
1725248244.996275383,0.000132502,1.76995e-08,7.96131e-09
1725248245.025913153,0.000132502,1.76995e-08,7.96131e-09
1725248245.046137647,0.000132502,1.76995e-08,7.96131e-09
1725248245.065919649,0.000132502,1.76995e-08,7.96131e-09
1725248245.086284413,0.000132502,1.76995e-08,7.96131e-09
1725248245.116161163,0.000132502,1.76995e-08,7.96131e-09
1725248245.126273375,6.62531e-05,8.84974e-09,0.000133575
1725248245.156145697,6.62531e-05,8.84974e-09,0.000133575
1725248245.175933080,6.62531e-05,8.84974e-09,0.000133575
1725248245.196160359,6.62531e-05,8.84974e-09,0.000133575
1725248245.216180660,3.95354e-09,-1.76974e-08,0.000267142
1725248245.236023909,3.95354e-09,-1.76974e-08,0.000267142
1725248245.256307176,-6.62471e-05,-6.19434e-08,0.000400712
1725248245.285923616,-6.62471e-05,-6.19434e-08,0.000400712
1725248245.295950594,-6.62471e-05,-6.19434e-08,0.000400712
1725248245.315869690,5.91375e-09,3.15964e-12,0.000534287
1725248245.336155001,0.000132504,1.76982e-07,0.000801421
1725248245.365925216,0.000132504,1.76982e-07,0.000801421
1725248245.386189627,0.000198749,2.9201e-07,0.00093498
1725248245.395926096,0.000198749,2.9201e-07,0.00093498
1725248245.425929571,0.000331253,5.39788e-07,0.000934984
1725248245.445937899,0.00053,9.37985e-07,0.00106855
1725248245.465943461,0.000993753,1.99102e-06,0.00120213
1725248245.486159880,0.00139125,2.94669e-06,0.00120211
1725248245.516188411,0.001855,4.12361e-06,0.00133569
1725248245.525929870,0.00238499,5.53943e-06,0.00133568
1725248245.555928676,0.002915,6.95527e-06,0.0013357
1725248245.566188883,0.00364374,8.8047e-06,0.00120212
1725248245.596114276,0.00457124,1.10346e-05,0.00120212
1725248245.616186588,0.00556499,1.35566e-05,0.00133569
1725248245.636108108,0.00662498,1.63883e-05,0.0013357
1725248245.656465598,0.00775123,1.92465e-05,0.00120213
1725248245.685943831,0.00993747,2.53788e-05,0.00160283
1725248245.695922636,0.0115275,3.04758e-05,0.00160283
1725248245.716102925,0.0133824,3.64223e-05,0.00160282
1725248245.736160437,0.0152374,4.23688e-05,0.00160283
1725248245.765938798,0.0174899,5.01912e-05,0.00186997
1725248245.786177409,0.0199412,5.96861e-05,0.00200352
1725248245.795926904,0.0225911,7.03048e-05,0.00200354
1725248245.825879760,0.0253736,8.21978e-05,0.00227067
1725248245.845937213,0.0284211,9.76656e-05,0.00280494
1725248245.866303910,0.031866,0.000117912,0.00307208
1725248245.886189853,0.0374971,0.000157776,0.00400706
1725248245.916107511,0.0416707,0.000194012,0.00467488
1725248245.925936659,0.0462417,0.000239804,0.00534272
1725248245.956120630,0.0510777,0.000294711,0.00601056
1725248245.976159737,0.0561785,0.000362164,0.00721265
1725248245.986125728,0.0616103,0.000446332,0.00828115
1725248246.016180481,0.0677043,0.000555415,0.00961679
1725248246.036141438,0.0734006,0.000674124,0.0112195
1725248246.055982454,0.0797588,0.000827018,0.0128222
1725248246.076169485,0.08658,0.00101384,0.0145585
1725248246.096133558,0.0971085,0.00134443,0.0168289
1725248246.116133809,0.104656,0.00160867,0.0181643
1725248246.145937960,0.112535,0.00190661,0.0196333
1725248246.155982251,0.120677,0.00223848,0.0211023
1725248246.186186952,0.129215,0.00261164,0.0225712
1725248246.196135609,0.138149,0.0030284,0.02404
1725248246.225941945,0.14728,0.00348004,0.0253753
1725248246.245937979,0.156609,0.00396269,0.02631
1725248246.266190717,0.166267,0.00447922,0.0271111
1725248246.286182563,0.175991,0.00501617,0.0280457
1725248246.305936320,0.191348,0.00590364,0.0296726
1725248246.325900643,0.202061,0.00655173,0.0307407
1725248246.356235195,0.212839,0.00722542,0.0316752
1725248246.376323606,0.224078,0.00794455,0.0322092
1725248246.386153805,0.235383,0.00867848,0.0326097
1725248246.416184863,0.246489,0.00940992,0.0331437
1725248246.436163674,0.257858,0.010174,0.0339446
1725248246.455984531,0.269161,0.0109411,0.0338111
1725248246.476175891,0.280266,0.0116933,0.0338111
1725248246.496135866,0.291965,0.0124874,0.0339447
1725248246.516149454,0.309217,0.0136537,0.0335441
1725248246.546140675,0.320718,0.0144266,0.0335442
1725248246.555977186,0.332484,0.0152236,0.0340781
1725248246.586175765,0.344051,0.0160118,0.0339446
1725248246.596140313,0.355618,0.016803,0.0343451
1725248246.626179326,0.366986,0.0175853,0.0343451
1725248246.646162275,0.378155,0.0183584,0.0347456
1725248246.666179519,0.389721,0.0191682,0.035146
1725248246.686158943,0.401232,0.0199786,0.0351213
1725248246.705924964,0.412863,0.0208002,0.0353883
1725248246.726155280,0.430441,0.0220467,0.0353883
1725248246.755981392,0.442204,0.0228808,0.0353883
1725248246.776186369,0.453967,0.0237181,0.0356552
1725248246.786128102,0.465597,0.024549,0.0356552
1725248246.816239625,0.477294,0.0253894,0.0360557
1725248246.825942669,0.489055,0.0262392,0.0360557
1725248246.856260930,0.500949,0.0270986,0.0360557
1725248246.876341266,0.513041,0.0279739,0.0361892
1725248246.896111305,0.525332,0.0288652,0.0361892
1725248246.916174549,0.53782,0.0297758,0.0365896
1725248246.946167202,0.556915,0.0311735,0.0364561
1725248246.955989066,0.570394,0.0321618,0.0367231
1725248246.976021700,0.583212,0.0331051,0.0367231
1725248246.995958731,0.596162,0.0340582,0.0367231
1725248247.026228167,0.60931,0.0350276,0.0368566
1725248247.045938130,0.622788,0.0360195,0.0365896
1725248247.055973995,0.636531,0.037031,0.0368566
1725248247.085930379,0.650406,0.0380558,0.0368566
1725248247.105915552,0.664611,0.0391031,0.0367231
1725248247.125931254,0.678948,0.040164,0.0371235
1725248247.146251121,0.700751,0.0417803,0.0368566
1725248247.176172678,0.715418,0.0428598,0.0365896
1725248247.185928644,0.730351,0.0439508,0.0363227
1725248247.215956385,0.745615,0.0450597,0.0361892
1725248247.236199475,0.760944,0.0461756,0.0364561
1725248247.256216790,0.77667,0.0473244,0.0364561
1725248247.276182887,0.792527,0.048483,0.0364561
1725248247.295925854,0.808583,0.0496581,0.0365896
1725248247.316181247,0.824771,0.0508473,0.0367231
1725248247.345919932,0.841223,0.0520559,0.0365896
1725248247.356283648,0.866,0.0538694,0.0364561
1725248247.376212333,0.882651,0.0550858,0.0364562
1725248247.405967279,0.899566,0.0563216,0.0364561
1725248247.426174569,0.916613,0.057567,0.0364562
1725248247.445933577,0.933792,0.0588175,0.0361892
1725248247.455958741,0.951104,0.060073,0.0361892
1725248247.486149395,0.968548,0.0613427,0.0364561
1725248247.506101715,0.98619,0.062634,0.0365896
1725248247.526220907,1.00377,0.0639227,0.0365896
1725248247.545995695,1.02155,0.0652297,0.0367478
1725248247.576177433,1.04844,0.0672137,0.0368813
1725248247.586183260,1.06654,0.0685469,0.0366144
1725248247.616134954,1.08471,0.0698874,0.0370148
1725248247.636159353,1.10288,0.0712328,0.0368813
1725248247.655943800,1.12118,0.0725831,0.0367478
1725248247.676178063,1.13962,0.0739382,0.0366144
1725248247.696121927,1.15825,0.0753103,0.0368813
1725248247.716023639,1.17688,0.0766874,0.0368813
1725248247.745937120,1.19584,0.0780966,0.0372817
1725248247.756593089,1.21481,0.0795108,0.0371483
1725248247.776150989,1.24356,0.0816622,0.037524
1725248247.806107412,1.26318,0.0831352,0.0373905
1725248247.816183395,1.28267,0.0846035,0.0377909
1725248247.845903884,1.30235,0.0860998,0.0380578
1725248247.856279302,1.32217,0.0876168,0.0383248
1725248247.885957270,1.34179,0.0891213,0.0381913
1725248247.906123682,1.36174,0.0906484,0.0381913
1725248247.926156066,1.38182,0.092191,0.0384583
1725248247.946171838,1.40229,0.0937695,0.0384583
1725248247.966161660,1.42277,0.095348,0.0384583
1725248247.986357750,1.45375,0.0977237,0.0380579
1725248248.016145288,1.47542,0.0993591,0.037257
1725248248.035960164,1.49623,0.10091,0.0371235
1725248248.045933378,1.51711,0.102458,0.0368566
1725248248.076180321,1.53825,0.104008,0.0363227
1725248248.096162258,1.55946,0.105555,0.0364561
1725248248.116183081,1.58067,0.107102,0.0363226
1725248248.136161120,1.60195,0.108656,0.0365896
1725248248.155984332,1.62322,0.110211,0.0363227
1725248248.176165653,1.6445,0.111765,0.0365896
1725248248.205963250,1.67687,0.114139,0.0365896
1725248248.216187278,1.69855,0.115722,0.0363226
1725248248.246161806,1.72035,0.117315,0.0365896
1725248248.256599915,1.74229,0.118924,0.0365896
1725248248.285917059,1.76416,0.120524,0.0364561
1725248248.305968279,1.78616,0.122141,0.0368566
1725248248.325913475,1.80829,0.123779,0.0369901
1725248248.345887327,1.83056,0.125426,0.0368566
1725248248.366337635,1.85283,0.127081,0.0372817
1725248248.385890296,1.87516,0.128744,0.0370148
1725248248.416130997,1.90893,0.131253,0.0371483
1725248248.435955240,1.93152,0.132941,0.0374152
1725248248.446360305,1.95425,0.134651,0.0376822
1725248248.476106184,1.97684,0.136351,0.0374152
1725248248.496119992,1.9997,0.138078,0.0379491
1725248248.515892206,2.02255,0.13981,0.0376822
1725248248.536115327,2.04528,0.141527,0.0376821
1725248248.555985158,2.06808,0.143245,0.037524
1725248248.575983977,2.09074,0.144952,0.0376574
1725248248.605930602,2.11347,0.146674,0.0379244
1725248248.616134681,2.14742,0.149255,0.0379244
1725248248.636084756,2.17021,0.150984,0.0377909
1725248248.665917512,2.19274,0.152693,0.0379244
1725248248.685921211,2.21513,0.154392,0.0377909
1725248248.705991097,2.23779,0.156112,0.0379244
1725248248.716109601,2.26039,0.157817,0.0373905
1725248248.745942738,2.28291,0.159508,0.037524
1725248248.765930215,2.30544,0.161187,0.0368566
1725248248.786107738,2.3283,0.162882,0.0371235
1725248248.805967962,2.35083,0.164561,0.037257
1725248248.836142505,2.38525,0.167136,0.0373905
1725248248.845911927,2.40824,0.168847,0.0368566
1725248248.875911353,2.43117,0.170543,0.03699
1725248248.895997511,2.45409,0.172233,0.0365896
1725248248.915905105,2.47702,0.173918,0.0367231
1725248248.936042331,2.50021,0.175621,0.0365896
1725248248.955942721,2.52347,0.17732,0.0363226
1725248248.976110746,2.5468,0.179021,0.0364561
1725248249.005936889,2.57005,0.180714,0.0361892
1725248249.016113404,2.59351,0.182406,0.0357887
1725248249.035920284,2.62906,0.184965,0.0360557
1725248249.065928497,2.65298,0.186693,0.0360557
1725248249.085934431,2.67797,0.1885,0.0360804
1725248249.105979369,2.70163,0.19021,0.0360804
1725248249.115949057,2.72555,0.191939,0.0360804
1725248249.146039578,2.74927,0.193658,0.0362139
1725248249.165916994,2.77306,0.195378,0.0359469
1725248249.186178369,2.79718,0.197118,0.0360804
1725248249.205940904,2.82116,0.198856,0.0362139
1725248249.235925401,2.84521,0.200601,0.0362139
1725248249.245937320,2.88116,0.203229,0.0367478
1725248249.275940514,2.90528,0.205015,0.0371235
1725248249.296181239,2.9292,0.206807,0.0376574
1725248249.316197331,2.95311,0.208625,0.0381913
1725248249.335955497,2.97683,0.210456,0.0388587
1725248249.355892138,3.0006,0.212321,0.0393925
1725248249.376256581,3.02431,0.214215,0.0403268
1725248249.405938106,3.04802,0.216148,0.0409941
1725248249.415928834,3.07198,0.218128,0.0413944
1725248249.436243642,3.09582,0.220096,0.0409941
1725248249.465898846,3.13154,0.223056,0.0416613
1725248249.486168646,3.15537,0.225063,0.0423286
1725248249.505944397,3.17907,0.227091,0.0429958
1725248249.516115292,3.20296,0.229151,0.0429958
1725248249.545937287,3.22666,0.23121,0.043663
1725248249.565944232,3.25022,0.23327,0.0435296
1725248249.586183545,3.27391,0.235349,0.0439299
1725248249.605955206,3.2978,0.23746,0.0441968
1725248249.626361540,3.32149,0.239576,0.044864
1725248249.645937676,3.34524,0.24172,0.0451308
1725248249.676142739,3.381,0.244958,0.0451308
1725248249.696183980,3.40462,0.247097,0.0451308
1725248249.705925729,3.42831,0.249244,0.0452643
1725248249.735938781,3.452,0.251405,0.0456646
1725248249.756007355,3.47581,0.253596,0.0460648
1725248249.776177544,3.49964,0.255796,0.0459561
1725248249.796183278,3.52352,0.258004,0.046223
1725248249.816161888,3.54707,0.260198,0.0466233
1725248249.836163543,3.57081,0.262426,0.0468901
1725248249.865912718,3.59463,0.264669,0.0470235
1725248249.876206129,3.63037,0.268043,0.0470235
1725248249.905926528,3.65392,0.270268,0.047157
1725248249.925939384,3.6776,0.272518,0.0475572
1725248249.946155683,3.70134,0.27479,0.047824
1725248249.965921604,3.72516,0.277085,0.0481996
1725248249.986190903,3.74889,0.279394,0.0487332
1725248250.005922479,3.7727,0.281726,0.0488666
1725248250.026131694,3.79656,0.284073,0.0491334
1725248250.046155962,3.8203,0.286414,0.0491334
1725248250.076177461,3.84384,0.288745,0.0495337
1725248250.096183434,3.8795,0.292305,0.0499339
1725248250.105941344,3.90316,0.294674,0.0498005
1725248250.136139714,3.92808,0.297166,0.0498005
1725248250.155925153,3.95168,0.299519,0.0495337
1725248250.176170827,3.97522,0.301862,0.0496671
1725248250.196177653,3.99888,0.304225,0.0498005
1725248250.216159950,4.02262,0.306597,0.0498005
1725248250.236172356,4.04628,0.308954,0.0494002
1725248250.265938153,4.06988,0.311294,0.0494003
1725248250.275955321,4.09355,0.313644,0.0495337
1725248250.296257645,4.12915,0.317194,0.0498005
1725248250.325936164,4.15268,0.319543,0.0496671
1725248250.345924524,4.17629,0.321884,0.0491334
1725248250.366181460,4.19996,0.324221,0.0492668
1725248250.385908186,4.22369,0.326562,0.049
1725248250.405925992,4.24729,0.328877,0.0487332
1725248250.425925453,4.2709,0.331186,0.0487332
1725248250.445940093,4.2947,0.333524,0.0491334
1725248250.466187521,4.3185,0.335874,0.0492668
1725248250.496159956,4.34238,0.338249,0.0498252
1725248250.505918116,4.37798,0.3418,0.0495584
1725248250.535979612,4.40151,0.344138,0.049425
1725248250.555989953,4.42538,0.346513,0.0496918
1725248250.576177637,4.44918,0.348883,0.0495584
1725248250.596172439,4.47291,0.351251,0.0498252
1725248250.616522585,4.49684,0.353647,0.0499586
1725248250.636170168,4.52083,0.356047,0.0496918
1725248250.665937508,4.54463,0.358431,0.050092
1725248250.676174140,4.56837,0.360824,0.0503341
1725248250.695912969,4.5923,0.363245,0.0504675
1725248250.725941762,4.62782,0.36685,0.0506008
1725248250.745916675,4.65149,0.369257,0.0507343
1725248250.766063399,4.67508,0.37166,0.0507343
1725248250.776356299,4.69874,0.37408,0.0511344
1725248250.805891562,4.7226,0.376529,0.0511344
1725248250.825927643,4.74632,0.378959,0.0508677
1725248250.845944627,4.77012,0.381392,0.051001
1725248250.865935952,4.79384,0.383809,0.0504675
1725248250.895892877,4.81777,0.38623,0.0503341
1725248250.905940104,4.84143,0.388625,0.0504675
1725248250.936200812,4.87716,0.392225,0.0499339
1725248250.955989006,4.90096,0.394614,0.0500673
1725248250.976179795,4.92469,0.397005,0.0503341
1725248250.996137465,4.94855,0.399404,0.0498005
1725248251.015963012,4.97228,0.401789,0.0503341
1725248251.036183376,4.99601,0.404181,0.0500673
1725248251.065928244,5.01974,0.40656,0.0498005
1725248251.076172700,5.04341,0.408922,0.049667
1725248251.096138766,5.06687,0.411256,0.0494002
1725248251.125935462,5.09041,0.413593,0.0495337
1725248251.146171158,5.12581,0.417118,0.049667
1725248251.166142764,5.15073,0.419596,0.0494003
1725248251.186185408,5.17474,0.421977,0.049425
1725248251.205919978,5.19847,0.424338,0.0496918
1725248251.226169370,5.22221,0.426699,0.049425
1725248251.245934480,5.24594,0.42906,0.0496918
1725248251.265939160,5.26967,0.431428,0.0496918
1725248251.286023915,5.29314,0.433781,0.0502254
1725248251.305925618,5.317,0.436194,0.0504922
1725248251.336115491,5.34099,0.438632,0.050759
1725248251.356153325,5.37684,0.442296,0.0510258
1725248251.365942816,5.40065,0.444737,0.0511344
1725248251.395870484,5.42437,0.447179,0.0514013
1725248251.416226792,5.44803,0.449618,0.0512678
1725248251.436269887,5.47175,0.452067,0.0515346
1725248251.455969841,5.49515,0.454484,0.0514012
1725248251.476136033,5.51874,0.456932,0.0519348
1725248251.496123069,5.54259,0.459413,0.051668
1725248251.525938141,5.56651,0.461892,0.0515346
1725248251.536186766,5.59044,0.464364,0.0514012
1725248251.565951270,5.62622,0.468052,0.0512678
1725248251.586183289,5.64981,0.470481,0.0512678
1725248251.605922098,5.67347,0.472913,0.0511344
1725248251.625939793,5.69726,0.475353,0.051001
1725248251.646238730,5.72086,0.477769,0.051001
1725248251.666171432,5.74445,0.480173,0.0504675
1725248251.685927354,5.76818,0.48257,0.0502007
1725248251.705936704,5.79191,0.484968,0.0504675
1725248251.736160121,5.81557,0.487369,0.0506009
1725248251.755985908,5.8395,0.48979,0.0502007
1725248251.765938512,5.87496,0.493355,0.0499339
1725248251.796162100,5.89843,0.495707,0.0499338
1725248251.816163825,5.9221,0.498089,0.0503341
1725248251.836181902,5.94543,0.500453,0.0506009
1725248251.855941941,5.96929,0.502871,0.0503341
1725248251.876138491,5.99316,0.505284,0.0503588
1725248251.895895245,6.01715,0.507716,0.0506256
1725248251.925900132,6.04115,0.510154,0.0506256
1725248251.936124920,6.06487,0.51256,0.0503588
1725248251.966163122,6.08873,0.514991,0.0511592
1725248251.986165949,6.12392,0.518606,0.0511592
1725248252.005935497,6.14765,0.521043,0.0511592
1725248252.025929477,6.17151,0.523494,0.0511592
1725248252.046124764,6.19503,0.525908,0.0510258
1725248252.066151818,6.21871,0.528348,0.051668
1725248252.085926116,6.24223,0.530792,0.0518014
1725248252.105937730,6.26608,0.53328,0.0520682
1725248252.126148257,6.2898,0.535766,0.052335
1725248252.156011753,6.31339,0.538252,0.0526017
1725248252.166250358,6.33698,0.540743,0.0526017
1725248252.195954777,6.37268,0.544516,0.0526017
1725248252.216175002,6.39759,0.54714,0.052335
1725248252.236156939,6.42144,0.549647,0.052335
1725248252.256007744,6.44523,0.55215,0.0524683
1725248252.275998578,6.46881,0.554629,0.0522016
1725248252.296019941,6.49234,0.557086,0.0518014
1725248252.326147374,6.51619,0.559567,0.0518014
1725248252.336180023,6.53991,0.562028,0.0515346
1725248252.355965822,6.56364,0.564477,0.0512678
1725248252.386155885,6.5871,0.566892,0.0512678
1725248252.405896839,6.62242,0.570519,0.0510011
1725248252.425923452,6.64628,0.572962,0.0510011
1725248252.446113519,6.6702,0.575408,0.0508677
1725248252.466242148,6.694,0.577835,0.0507343
1725248252.486225839,6.71779,0.580249,0.0503341
1725248252.506012710,6.74172,0.58267,0.0504675
1725248252.525923220,6.76571,0.585101,0.0504675
1725248252.555993994,6.78997,0.587559,0.0504675
1725248252.566124861,6.81443,0.590048,0.0508924
1725248252.596197679,6.83855,0.592513,0.0508924
1725248252.616144298,6.87493,0.596231,0.0508924
1725248252.636184337,6.89919,0.598715,0.0511592
1725248252.655949066,6.92337,0.60119,0.050759
1725248252.675920212,6.94769,0.603672,0.0508924
1725248252.695986341,6.97188,0.60614,0.050759
1725248252.726171454,6.99627,0.608625,0.050759
1725248252.736183624,7.02065,0.611104,0.0504922
1725248252.756015352,7.04505,0.613584,0.0507343
1725248252.786166591,7.06937,0.616058,0.0506009
1725248252.805997647,7.09389,0.618555,0.0508677
1725248252.825925680,7.13041,0.622275,0.0506009
1725248252.845953015,7.15479,0.624746,0.0503341
1725248252.866155185,7.17898,0.627187,0.0502007
1725248252.886193020,7.20337,0.629645,0.0502007
1725248252.906187451,7.22757,0.632073,0.0498005
1725248252.925928574,7.25196,0.634505,0.0495337
1725248252.956057530,7.27648,0.636937,0.0492668
1725248252.966250768,7.30101,0.639362,0.0492668
1725248252.996273208,7.32566,0.641801,0.0492668
1725248253.016140144,7.35045,0.644239,0.0487332
1725248253.036183850,7.38758,0.647865,0.0485998
1725248253.056016731,7.41237,0.650284,0.0485998
1725248253.076161310,7.43723,0.652712,0.0487332
1725248253.096164669,7.46208,0.655153,0.0491334
1725248253.116217673,7.48714,0.657617,0.0488666
1725248253.136127010,7.51232,0.660081,0.0485998
1725248253.156012912,7.53751,0.662538,0.0485998
1725248253.186231761,7.56263,0.664992,0.0487332
1725248253.196189766,7.58802,0.667478,0.0488666
1725248253.225940213,7.61354,0.669985,0.049
1725248253.246179054,7.65179,0.673748,0.0490248
1725248253.266373270,7.67842,0.676376,0.0492916
1725248253.286167025,7.70381,0.678884,0.0491582
1725248253.306065101,7.72919,0.681392,0.0492916
1725248253.325942938,7.75477,0.683916,0.0490248
1725248253.345940625,7.78048,0.686454,0.0492916
1725248253.365939184,7.80613,0.688981,0.0488913
1725248253.396157411,7.83184,0.691504,0.0488913
1725248253.416156441,7.85736,0.694012,0.0490247
1725248253.425927978,7.88295,0.696536,0.0492669
1725248253.456282918,7.92139,0.700322,0.0488666
1725248253.476377051,7.94691,0.702821,0.0487332
1725248253.496289735,7.97242,0.705328,0.0491334
1725248253.516349842,7.99767,0.707821,0.0492668
1725248253.546179673,8.02319,0.710355,0.0496671
1725248253.556060399,8.04863,0.712892,0.0496671
1725248253.586172012,8.07415,0.715432,0.0495337
1725248253.596183129,8.09972,0.717976,0.0495336
1725248253.625939968,8.12524,0.720509,0.0494002
1725248253.646176947,8.15069,0.723026,0.0491334
1725248253.666155778,8.18893,0.726787,0.0488666
1725248253.686178452,8.21464,0.729309,0.0488666
1725248253.715970240,8.24009,0.731798,0.0485998
1725248253.725916752,8.26568,0.734294,0.0485998
1725248253.745949718,8.291,0.736764,0.0485998
1725248253.765941223,8.31658,0.739253,0.048333
1725248253.796175922,8.34216,0.741734,0.048333
1725248253.816160915,8.36742,0.744174,0.0479327
1725248253.825932311,8.39274,0.74661,0.0479327
1725248253.856116062,8.41807,0.749053,0.0481996
1725248253.876167112,8.45644,0.752786,0.0487332
1725248253.896168046,8.48204,0.75529,0.0487579
1725248253.916212503,8.50762,0.757787,0.0484911
1725248253.945885942,8.53314,0.760267,0.0483577
1725248253.956232796,8.55859,0.762745,0.0486245
1725248253.986222042,8.58411,0.765238,0.048758
1725248253.996329104,8.60956,0.767729,0.0487579
1725248254.016067723,8.63521,0.770243,0.0488913
1725248254.046156241,8.66086,0.77277,0.0492916
1725248254.065923074,8.6863,0.775295,0.0495584
1725248254.086189758,8.72462,0.77909,0.0491334
1725248254.106096521,8.75007,0.781607,0.0494003
1725248254.125930784,8.77558,0.78414,0.0495337
1725248254.146227596,8.8009,0.786657,0.0495337
1725248254.166232147,8.82608,0.789168,0.0498005
1725248254.186066911,8.85146,0.791709,0.0499339
1725248254.216160449,8.8769,0.794266,0.0502007
1725248254.225981841,8.90241,0.796827,0.0498005
1725248254.255947262,8.92799,0.79937,0.0492668
1725248254.276169722,8.95337,0.80187,0.0488666
1725248254.296185634,8.99155,0.80562,0.049
1725248254.316164075,9.01852,0.808269,0.0488666
1725248254.335925928,9.04403,0.810768,0.0487332
1725248254.356129291,9.06942,0.813254,0.0488666
1725248254.385924925,9.09507,0.81576,0.0484664
1725248254.396174622,9.12052,0.818236,0.0484664
1725248254.416235822,9.14591,0.820702,0.048333
1725248254.445936163,9.17136,0.823164,0.0480662
1725248254.465919532,9.19688,0.825623,0.0479327
1725248254.486160618,9.22227,0.828055,0.0475325
1725248254.505929875,9.26039,0.831701,0.0477993
1725248254.525938092,9.28591,0.834146,0.0476659
1725248254.545938656,9.31144,0.836599,0.0480909
1725248254.566186163,9.3369,0.839063,0.0483577
1725248254.586183340,9.36235,0.841526,0.0480909
1725248254.616141357,9.38774,0.84398,0.0482243
1725248254.625938953,9.41319,0.846451,0.0484911
1725248254.656093578,9.43878,0.848947,0.0487579
1725248254.676165299,9.46462,0.851484,0.0490247
1725248254.696186581,9.49027,0.85399,0.0483577
1725248254.715936952,9.52859,0.857724,0.0487332
1725248254.736121639,9.55398,0.860197,0.048333
1725248254.756138263,9.5795,0.862676,0.0484664
1725248254.785939077,9.60488,0.865149,0.0485998
1725248254.805942405,9.63027,0.867636,0.049
1725248254.816113660,9.65591,0.870168,0.0494003
1725248254.845947017,9.68182,0.872741,0.0495337
1725248254.865933223,9.70727,0.875265,0.0492668
1725248254.885940749,9.73305,0.877824,0.0496671
1725248254.906149874,9.75863,0.880368,0.0494003
1725248254.925921586,9.79719,0.884187,0.0492669
1725248254.946207808,9.82304,0.886743,0.0492668
1725248254.975915142,9.84901,0.889305,0.049
1725248254.985921741,9.87519,0.891869,0.0485998
1725248255.005927323,9.90143,0.894421,0.048333
1725248255.026175463,9.92794,0.896986,0.0480661
1725248255.056116426,9.95439,0.899533,0.0479327
1725248255.076107902,9.9809,0.902076,0.0476659
1725248255.085944333,10.0074,0.904605,0.0473991
1725248255.116101903,10.0339,0.907117,0.0472657
1725248255.136134838,10.0738,0.910898,0.0469988
1725248255.156160270,10.1006,0.913423,0.0469988
1725248255.176169258,10.1275,0.915953,0.0468901
1725248255.205932801,10.1544,0.918485,0.0468901
1725248255.215888301,10.1815,0.921025,0.0464898
1725248255.245950248,10.2081,0.923508,0.0466233
1725248255.256096054,10.235,0.926019,0.0463564
1725248255.286168411,10.2618,0.928498,0.0456893
1725248255.305922349,10.2889,0.931002,0.0463564
1725248255.325929455,10.3159,0.933491,0.0458227
1725248255.345940468,10.3577,0.937347,0.0460649
1725248255.376165970,10.3845,0.939825,0.0459314
1725248255.385936504,10.4117,0.942335,0.0463317
1725248255.405927579,10.4385,0.944827,0.0461983
1725248255.426156421,10.4652,0.947297,0.0461983
1725248255.456177709,10.4919,0.949763,0.045798
1725248255.476228839,10.5188,0.952244,0.0460648
1725248255.485937154,10.5454,0.954693,0.0455311
1725248255.516305390,10.5724,0.957147,0.0451308
1725248255.536292818,10.5992,0.959548,0.0444637
1725248255.556177116,10.6394,0.963106,0.043663
1725248255.576174834,10.6663,0.965441,0.0429958
1725248255.606160263,10.693,0.967735,0.0425955
1725248255.616134279,10.72,0.970023,0.0419282
1725248255.646141261,10.7467,0.972244,0.0411275
1725248255.655955900,10.7732,0.97441,0.0404602
1725248255.676187397,10.8002,0.976583,0.0397929
1725248255.706168038,10.8268,0.97869,0.0389921
1725248255.726145046,10.8537,0.980764,0.0381913
1725248255.746171678,10.8804,0.98278,0.03699
1725248255.766183623,10.9207,0.985725,0.0360557
1725248255.786164398,10.9474,0.987626,0.0349878
1725248255.806145333,10.9743,0.989503,0.0344786
1725248255.826165323,11.0012,0.991343,0.0338111
1725248255.846162640,11.0283,0.993171,0.0336777
1725248255.876138201,11.0548,0.994942,0.0328767
1725248255.886136112,11.0816,0.996688,0.0322092
1725248255.916257043,11.1085,0.998391,0.0310077
1725248255.936171309,11.1355,1.00005,0.0304736
1725248255.956191059,11.1622,1.00167,0.0299396
1725248255.976174830,11.2042,1.00414,0.0288468
1725248255.995929630,11.2298,1.00559,0.0277787
1725248256.016258114,11.2567,1.00707,0.0271111
1725248256.046339519,11.2837,1.00851,0.0261764
1725248256.066152841,11.3103,1.00987,0.0251083
1725248256.076115616,11.3373,1.01122,0.0245741
1725248256.106167643,11.3641,1.0125,0.0233724
1725248256.126153858,11.3912,1.01374,0.0223041
1725248256.146179329,11.4181,1.01491,0.0211023
1725248256.166180492,11.4451,1.01603,0.0201675
1725248256.186159815,11.4856,1.01761,0.0188321
1725248256.206170918,11.5126,1.0186,0.0177637
1725248256.236142671,11.5394,1.01952,0.0168288
1725248256.245951058,11.5662,1.02041,0.0161611
1725248256.276139399,11.593,1.02127,0.015894
1725248256.286163260,11.6198,1.0221,0.0152262
1725248256.316130435,11.6468,1.0229,0.0145585
1725248256.336172277,11.6736,1.02366,0.0136236
1725248256.356193610,11.7005,1.02439,0.0133565
1725248256.376170897,11.7271,1.02509,0.0130893
1725248256.396132816,11.7691,1.02619,0.0130893
1725248256.416111227,11.796,1.02689,0.0128222
1725248256.446185427,11.8231,1.02759,0.0131141
1725248256.466335407,11.8498,1.02829,0.0129805
1725248256.476126822,11.8766,1.02899,0.0131141
1725248256.506276999,11.9035,1.02969,0.012847
1725248256.516231246,11.9305,1.03038,0.0129805
1725248256.546153034,11.9574,1.03108,0.0129805
1725248256.566189606,11.9841,1.03178,0.0131141
1725248256.586145593,12.011,1.03248,0.0128222
1725248256.605957372,12.0513,1.0335,0.0126887
1725248256.636123430,12.0783,1.0342,0.0129558
1725248256.646156239,12.1051,1.0349,0.0130893
1725248256.666305437,12.1319,1.0356,0.0133564
1725248256.686183354,12.1587,1.03631,0.0129558
1725248256.716148234,12.1857,1.03702,0.0132229
1725248256.736132806,12.2126,1.03772,0.0129558
1725248256.746246280,12.2394,1.0384,0.0124216
1725248256.775955789,12.2663,1.03906,0.0121544
1725248256.796160425,12.2932,1.03972,0.0124216
1725248256.816182299,12.3336,1.04071,0.0120209
1725248256.836155699,12.3603,1.04135,0.0118873
1725248256.866251932,12.3871,1.04199,0.0118873
1725248256.876159250,12.4138,1.04261,0.0114866
1725248256.905987507,12.4406,1.04324,0.0118873
1725248256.916163161,12.4674,1.04387,0.0117538
1725248256.946180061,12.4942,1.0445,0.0117538
1725248256.966170655,12.521,1.04513,0.0116202
1725248256.986153223,12.5478,1.04576,0.0118873
1725248257.006000311,12.5746,1.04639,0.0117537
1725248257.036234099,12.6147,1.04734,0.0118873
1725248257.045910372,12.6413,1.04797,0.0119121
1725248257.066251760,12.6678,1.0486,0.0116449
1725248257.086136980,12.6941,1.04922,0.0119121
1725248257.116165653,12.7204,1.04985,0.0120456
1725248257.136162068,12.7466,1.0505,0.0127134
1725248257.146151413,12.7726,1.05116,0.012847
1725248257.176163824,12.7987,1.05184,0.0131141
1725248257.196144529,12.8244,1.05252,0.0133812
1725248257.216147115,12.8502,1.05321,0.0132229
1725248257.236159782,12.8885,1.05425,0.0140243
1725248257.266267376,12.9139,1.05497,0.0142914
1725248257.276159474,12.9394,1.0557,0.0144249
1725248257.306331151,12.9648,1.05644,0.0144249
1725248257.326163010,12.9904,1.05718,0.0145585
1725248257.336268349,13.0159,1.05792,0.0145585
1725248257.366161059,13.0411,1.05864,0.0141578
1725248257.386140292,13.0663,1.05935,0.0137571
1725248257.406152116,13.0913,1.06004,0.0138907
1725248257.426126959,13.1175,1.06078,0.0141578
1725248257.446126440,13.1554,1.06185,0.0141578
1725248257.466125209,13.1808,1.06257,0.0142914
1725248257.496095119,13.2063,1.0633,0.0144249
1725248257.516221694,13.2316,1.06403,0.0142914
1725248257.535958821,13.2573,1.06477,0.014692
1725248257.545991899,13.283,1.06553,0.0148256
1725248257.575949846,13.3088,1.0663,0.0149591
1725248257.595946882,13.3347,1.06708,0.0149591
1725248257.616148692,13.3608,1.06786,0.0149591
1725248257.636184904,13.3868,1.06864,0.0149591
1725248257.655958359,13.4261,1.06981,0.0149591
1725248257.676126464,13.4524,1.0706,0.0150927
1725248257.705923100,13.4788,1.07142,0.0159187
1725248257.725930917,13.5051,1.07226,0.0159187
1725248257.735933087,13.5313,1.0731,0.0160523
1725248257.765937803,13.5579,1.07397,0.0165865
1725248257.785916985,13.5845,1.07485,0.01672
1725248257.806185062,13.6111,1.07576,0.0171207
1725248257.825979409,13.638,1.07667,0.0169871
1725248257.845935235,13.665,1.0776,0.0174966
1725248257.865913916,13.7056,1.07904,0.0178972
1725248257.895943941,13.7325,1.08,0.0177637
1725248257.906179541,13.7595,1.08096,0.0178972
1725248257.935988791,13.7865,1.08194,0.0181643
1725248257.945924433,13.8131,1.0829,0.0181643
1725248257.975921516,13.8403,1.0839,0.0182979
1725248257.996199402,13.8672,1.08488,0.0181643
1725248258.016226045,13.8943,1.08586,0.0181643
1725248258.036193364,13.9213,1.08685,0.0182979
1725248258.056234004,13.9482,1.08783,0.0182979
1725248258.075958516,13.9889,1.08931,0.0180308
1725248258.105938946,14.0159,1.09029,0.0182979
1725248258.125938627,14.0432,1.09129,0.0182979
1725248258.135937431,14.0702,1.09228,0.0181643
1725248258.166154165,14.0974,1.09328,0.018565
1725248258.185937400,14.1263,1.09435,0.018565
1725248258.205940037,14.1525,1.09532,0.0184314
1725248258.226164691,14.1799,1.09634,0.018565
1725248258.246201153,14.2075,1.09735,0.0182979
1725248258.265933309,14.2352,1.09837,0.0182979
1725248258.296140706,14.2767,1.09989,0.0184314
1725248258.306210607,14.3047,1.10094,0.0191239
1725248258.336182500,14.3326,1.10201,0.0189903
1725248258.345939288,14.3605,1.10308,0.0192574
1725248258.376159920,14.3884,1.10415,0.0189903
1725248258.396176223,14.4164,1.10521,0.0191239
1725248258.406454675,14.4446,1.1063,0.0195245
1725248258.436186045,14.4725,1.1074,0.0197916
1725248258.456134768,14.5004,1.10851,0.0200339
1725248258.476139649,14.5286,1.10964,0.020034
1725248258.496178125,14.5723,1.1114,0.0201675
1725248258.525925086,14.6005,1.11255,0.0204346
1725248258.536214248,14.6285,1.11369,0.0204346
1725248258.565935579,14.6567,1.11484,0.020301
1725248258.585937484,14.6849,1.116,0.0208352
1725248258.605930804,14.7129,1.11714,0.0197669
1725248258.625922870,14.7411,1.11826,0.0197669
1725248258.645953881,14.7693,1.11937,0.0196333
1725248258.665936109,14.7975,1.12047,0.0196333
1725248258.696130361,14.8255,1.12155,0.0186985
1725248258.706181725,14.8676,1.12311,0.0182979
1725248258.725927358,14.8954,1.12411,0.0176301
1725248258.756189560,14.9236,1.1251,0.0176301
1725248258.776168310,14.9518,1.12608,0.0170959
1725248258.796147843,14.9801,1.12704,0.0166953
1725248258.806152427,15.0081,1.12795,0.015894
1725248258.836139130,15.0361,1.12882,0.0150927
1725248258.855957572,15.0642,1.12965,0.0144249
1725248258.876165664,15.0924,1.13044,0.0137571
1725248258.896185675,15.1205,1.1312,0.0130893
1725248258.925922917,15.1629,1.13228,0.0124463
1725248258.936162834,15.1908,1.13295,0.011645
1725248258.965939693,15.2189,1.13358,0.0108436
1725248258.986174436,15.247,1.13419,0.01071
1725248259.006220086,15.2751,1.13477,0.00977509
1725248259.025937705,15.303,1.1353,0.00950798
1725248259.045931624,15.331,1.13583,0.00934968
1725248259.065940773,15.3594,1.13634,0.0085483
1725248259.096316334,15.3875,1.13682,0.00841473
1725248259.105917021,15.4156,1.13728,0.00788048
1725248259.125925530,15.4576,1.13791,0.00721265
1725248259.156169427,15.4854,1.13828,0.00614411
1725248259.165939831,15.5133,1.13862,0.00587698
1725248259.196183878,15.5413,1.13892,0.00507558
1725248259.206138958,15.5691,1.13918,0.00400705
1725248259.236133916,15.5971,1.13939,0.00373991
1725248259.256180396,15.6252,1.13957,0.00267137
1725248259.276160340,15.6532,1.13971,0.00227067
1725248259.296185730,15.6813,1.13981,0.00133569
1725248259.315958876,15.7092,1.13987,0.00066785
1725248259.336139345,15.7513,1.13988,-0.00026713
1725248259.365924539,15.7795,1.13985,-0.000934968
1725248259.386141068,15.8073,1.13978,-0.00146925
1725248259.395970435,15.8352,1.13968,-0.00213708
1725248259.425912331,15.8629,1.13955,-0.00253779
1725248259.445925498,15.8906,1.1394,-0.00307206
1725248259.465927173,15.9186,1.1392,-0.00387347
1725248259.486175593,15.9465,1.13898,-0.0041406
1725248259.506171847,15.9746,1.13874,-0.004383
1725248259.526171288,16.0027,1.13849,-0.00451656
1725248259.556160886,16.0461,1.13807,-0.00518441
1725248259.565925649,16.074,1.13777,-0.00571863
1725248259.596278987,16.1022,1.13744,-0.00585222
1725248259.605930242,16.1305,1.1371,-0.00625291
1725248259.635921653,16.1586,1.13675,-0.00601056
1725248259.656135797,16.1866,1.1364,-0.00641123
1725248259.676133384,16.2147,1.13604,-0.00641125
1725248259.696180907,16.2428,1.13568,-0.00654482
1725248259.715936639,16.2706,1.13529,-0.00734619
1725248259.736138540,16.2987,1.13488,-0.00747976
1725248259.765933653,16.3407,1.13422,-0.00814759
1725248259.786186833,16.369,1.13373,-0.00908253
1725248259.796114679,16.397,1.13322,-0.0092161
1725248259.825975820,16.4252,1.1327,-0.00921609
1725248259.845926907,16.4533,1.13217,-0.00975034
1725248259.865908994,16.4815,1.1316,-0.0102846
1725248259.885944284,16.5096,1.131,-0.011086
1725248259.906262698,16.5378,1.13035,-0.0118873
1725248259.925932845,16.566,1.12968,-0.0120209
1725248259.956130574,16.594,1.12898,-0.0129558
1725248259.965927008,16.6361,1.12785,-0.0137571
1725248259.996172227,16.6641,1.12706,-0.0145584
1725248260.016124026,16.6922,1.12624,-0.0148255
1725248260.036132995,16.7201,1.12539,-0.0153598
1725248260.056227539,16.7483,1.12452,-0.0156269
1725248260.076263270,16.7764,1.12363,-0.0161611
1725248260.096313177,16.8043,1.12272,-0.0164282
1725248260.115890776,16.8325,1.1218,-0.0160028
1725248260.136272032,16.8606,1.1209,-0.0160028
1725248260.156189184,16.8884,1.12001,-0.0161363
1725248260.186181847,16.9304,1.11863,-0.0166705
1725248260.196128851,16.9595,1.11765,-0.0170712
1725248260.225932671,16.9861,1.11674,-0.0170959
1725248260.245928585,17.0142,1.11577,-0.0172295
1725248260.265982731,17.0421,1.11481,-0.0170959
1725248260.286246681,17.0702,1.11385,-0.017363
1725248260.305934923,17.0979,1.11286,-0.0181643
1725248260.325919395,17.1256,1.11184,-0.018565
1725248260.356137552,17.1538,1.11079,-0.0188321
1725248260.366178938,17.1817,1.10972,-0.0194998
1725248260.385930812,17.2238,1.10805,-0.0200339
1725248260.415921492,17.2518,1.10693,-0.0201675
1725248260.436140826,17.2795,1.10578,-0.0211023
1725248260.456181877,17.3076,1.10458,-0.0217699
1725248260.465942852,17.3356,1.10334,-0.0221706
1725248260.496158284,17.3635,1.1021,-0.0225712
1725248260.515892605,17.3912,1.10084,-0.0228382
1725248260.536183687,17.4192,1.09954,-0.0235059
1725248260.556182908,17.4472,1.0982,-0.0243071
1725248260.586218924,17.4751,1.09682,-0.0249747
1725248260.596263556,17.5189,1.09461,-0.0255088
1725248260.625870177,17.5471,1.09318,-0.0252418
1725248260.645928992,17.5753,1.09174,-0.0257759
1725248260.666194836,17.6032,1.09026,-0.0269776
1725248260.685939666,17.6314,1.08874,-0.0269775
1725248260.705898719,17.6596,1.08722,-0.0269528
1725248260.725924911,17.688,1.08568,-0.0270864
1725248260.756138950,17.7162,1.08415,-0.0269529
1725248260.766181759,17.7444,1.08264,-0.0268193
1725248260.785934785,17.7727,1.08111,-0.0272199
1725248260.816146630,17.8147,1.07884,-0.0267105
1725248260.836159617,17.8425,1.07735,-0.0267105
1725248260.856180670,17.8703,1.07588,-0.0264435
1725248260.865924842,17.8982,1.0744,-0.0264435
1725248260.896148420,17.926,1.07293,-0.0260429
1725248260.916159614,17.9541,1.07147,-0.0260429
1725248260.936183260,17.9821,1.07,-0.02631
1725248260.956197801,18.0105,1.0685,-0.0264435
1725248260.976210316,18.039,1.067,-0.0261764
1725248260.996128581,18.0672,1.06553,-0.0261764
1725248261.026139970,18.1096,1.0633,-0.0261764
1725248261.046176141,18.1377,1.0618,-0.0271111
1725248261.056179213,18.1655,1.06028,-0.0276452
1725248261.085938117,18.1934,1.05872,-0.0281792
1725248261.106199322,18.2212,1.05714,-0.0288468
1725248261.125932079,18.2493,1.05549,-0.0297814
1725248261.145920268,18.2772,1.05379,-0.0307159
1725248261.166153628,18.3054,1.05203,-0.031784
1725248261.186138581,18.3334,1.05023,-0.0324515
1725248261.216323585,18.3614,1.04839,-0.0329854
1725248261.226146921,18.4038,1.04555,-0.0339199
1725248261.256177678,18.432,1.04363,-0.0340534
1725248261.276136220,18.4607,1.04167,-0.0343204
1725248261.296202419,18.489,1.03972,-0.0342956
1725248261.316135592,18.5175,1.03776,-0.0342956
1725248261.336142927,18.5456,1.03582,-0.0346961
1725248261.356170211,18.5738,1.03385,-0.03523
1725248261.375966852,18.6017,1.03186,-0.035764
1725248261.396361724,18.6294,1.02986,-0.0360557
1725248261.425916936,18.6574,1.02783,-0.0363226
1725248261.446168051,18.6993,1.02478,-0.0363226
1725248261.455911613,18.7275,1.02274,-0.0360557
1725248261.485940005,18.7557,1.0207,-0.0361892
1725248261.505917333,18.7837,1.01866,-0.0364561
1725248261.525920421,18.8119,1.01662,-0.0359222
1725248261.546174572,18.8396,1.01461,-0.0361892
1725248261.565936675,18.8677,1.01255,-0.0371235
1725248261.586295148,18.8957,1.01047,-0.0371235
1725248261.615951474,18.9234,1.0084,-0.037257
1725248261.625940409,18.9529,1.00618,-0.0379244
1725248261.656193885,18.9948,1.00297,-0.0384582
1725248261.675886484,19.0227,1.00081,-0.0388587
1725248261.695926563,19.0503,0.99865,-0.0392591
1725248261.716105149,19.078,0.996461,-0.0396595
1725248261.736109990,19.1056,0.994235,-0.0405937
1725248261.756122425,19.1332,0.991954,-0.0420617
1725248261.776146333,19.1625,0.989456,-0.0427289
1725248261.796118080,19.1891,0.987181,-0.0425955
1725248261.825927221,19.2172,0.984763,-0.0431293
1725248261.845937292,19.2451,0.982339,-0.043663
1725248261.855912410,19.2873,0.978629,-0.0440633
1725248261.885954969,19.3153,0.976155,-0.0440386
1725248261.905916427,19.3432,0.973691,-0.0437717
1725248261.925922099,19.3712,0.971242,-0.0435048
1725248261.945939875,19.3995,0.968768,-0.0436383
1725248261.965946640,19.4278,0.966303,-0.0433714
1725248261.985939338,19.4559,0.963855,-0.0433961
1725248262.016114002,19.4842,0.961387,-0.0435296
1725248262.025911257,19.5125,0.958928,-0.0432627
1725248262.045924535,19.5405,0.956491,-0.0433961
1725248262.075930494,19.5829,0.952814,-0.0431292
1725248262.096231395,19.6113,0.950359,-0.0431292
1725248262.116215275,19.6397,0.947904,-0.0431292
1725248262.125924342,19.6679,0.945453,-0.0433961
1725248262.155897417,19.6965,0.942962,-0.0435296
1725248262.176105449,19.7247,0.940503,-0.0432627
1725248262.196193020,19.7527,0.938067,-0.0435296
1725248262.216192280,19.7811,0.93559,-0.0435296
1725248262.246164955,19.8094,0.933114,-0.043663
1725248262.256125816,19.8375,0.930652,-0.043663
1725248262.285921660,19.8798,0.926952,-0.043663
1725248262.305938404,19.9081,0.924469,-0.0437965
1725248262.325930591,19.9363,0.921997,-0.043663
1725248262.346183820,19.9644,0.919533,-0.0435296
1725248262.366149035,19.9923,0.917102,-0.0435296
1725248262.386184985,20.0202,0.914668,-0.0433962
1725248262.416168853,20.0484,0.912196,-0.0440634
1725248262.425916062,20.0764,0.909713,-0.0441968
1725248262.445931223,20.1049,0.907196,-0.0440633
1725248262.476002177,20.1333,0.90468,-0.0443302
1725248262.496168439,20.1756,0.900924,-0.0441721
1725248262.516163031,20.2037,0.898441,-0.0439052
1725248262.535911658,20.232,0.895944,-0.0440386
1725248262.556160348,20.2604,0.893437,-0.0440386
1725248262.576182904,20.2884,0.890971,-0.0437965
1725248262.596205459,20.3168,0.888469,-0.0439299
1725248262.616215831,20.3449,0.886001,-0.0437965
1725248262.636297449,20.3732,0.883525,-0.0433962
1725248262.655910446,20.4014,0.881069,-0.0435296
1725248262.685915424,20.431,0.878493,-0.0431292
1725248262.705942127,20.4732,0.874828,-0.0433961
1725248262.716190741,20.5013,0.872381,-0.0433961
1725248262.745921771,20.5296,0.869915,-0.043663
1725248262.765928896,20.5576,0.867464,-0.043663
1725248262.786181814,20.5856,0.864996,-0.0440633
1725248262.806189080,20.6141,0.862471,-0.0444637
1725248262.825933219,20.6424,0.85995,-0.0443302
1725248262.845931869,20.6705,0.857443,-0.0445971
1725248262.875929993,20.6985,0.854937,-0.0444636
1725248262.885928315,20.7266,0.852432,-0.0445971
1725248262.916183074,20.7685,0.848689,-0.0443302
1725248262.935993310,20.7966,0.846191,-0.0444637
1725248262.955960799,20.825,0.843659,-0.0443302
1725248262.976164944,20.8532,0.841157,-0.0441968
1725248262.996165196,20.8815,0.838628,-0.044864
1725248263.016050877,20.9097,0.836096,-0.0447305
1725248263.035908765,20.9379,0.833562,-0.0447305
1725248263.056169278,20.9664,0.831012,-0.0444637
1725248263.085919305,20.9948,0.828488,-0.044172
1725248263.105918776,21.0233,0.825962,-0.044172
1725248263.115924132,21.066,0.822185,-0.044172
1725248263.145927887,21.0944,0.819669,-0.0440386
1725248263.165919923,21.1226,0.817189,-0.043663
1725248263.185870720,21.1512,0.814688,-0.0433962
1725248263.206182282,21.1796,0.812235,-0.0429958
1725248263.226130584,21.208,0.809786,-0.0428624
1725248263.246097212,21.2366,0.807325,-0.0429958
1725248263.276118380,21.265,0.804885,-0.0427289
1725248263.285937839,21.2937,0.802429,-0.0425955
1725248263.316157920,21.3218,0.800019,-0.0428624
1725248263.336112584,21.3647,0.796354,-0.0423286
1725248263.356116804,21.3928,0.793952,-0.0428624
1725248263.376139309,21.4213,0.79151,-0.0427289
1725248263.396175280,21.4497,0.789068,-0.0428624
1725248263.415967521,21.478,0.78664,-0.0428624
1725248263.436129345,21.5064,0.7842,-0.0428624
1725248263.456121492,21.5344,0.7818,-0.042462
1725248263.485950220,21.5628,0.779383,-0.042462
1725248263.505927638,21.591,0.776979,-0.0425955
1725248263.516121417,21.6193,0.774548,-0.0429958
1725248263.546156342,21.6616,0.770894,-0.0432627
1725248263.565936951,21.6897,0.768455,-0.0432627
1725248263.586183098,21.7179,0.765988,-0.0437964
1725248263.606169533,21.7461,0.763509,-0.0439299
1725248263.625954070,21.7743,0.761022,-0.0440633
1725248263.645924334,21.8026,0.758516,-0.0441968
1725248263.675892401,21.831,0.756006,-0.0437718
1725248263.685915400,21.8593,0.753526,-0.0437718
1725248263.705912366,21.8877,0.751027,-0.0440386
1725248263.736125614,21.9175,0.7484,-0.0437718
1725248263.756108914,21.9601,0.744655,-0.0437965
1725248263.776106350,21.989,0.742117,-0.0439299
1725248263.796116983,22.0174,0.739615,-0.0437965
1725248263.816119860,22.0459,0.73711,-0.0437965
1725248263.835889208,22.0741,0.734638,-0.043663
1725248263.855914539,22.1026,0.732149,-0.0433961
1725248263.876113232,22.1308,0.7297,-0.0432627
1725248263.905921721,22.1592,0.72723,-0.0435296
1725248263.916122193,22.1879,0.724727,-0.0433961
1725248263.945915954,22.2161,0.722261,-0.043663
1725248263.965928570,22.2593,0.718481,-0.043663
1725248263.986185926,22.2877,0.71598,-0.0441968
1725248264.005917372,22.3168,0.713389,-0.0445971
1725248264.025919688,22.3454,0.710811,-0.0451308
1725248264.045923137,22.3739,0.708225,-0.0455311
1725248264.075924567,22.4026,0.705592,-0.0459314
1725248264.085924272,22.431,0.702953,-0.0465985
1725248264.105937469,22.4596,0.700279,-0.046732
1725248264.136154224,22.4883,0.697582,-0.046732
1725248264.156158184,22.5169,0.69489,-0.0469988
1725248264.176177102,22.5602,0.690775,-0.0477993
1725248264.196133049,22.589,0.688016,-0.0477993
1725248264.216146136,22.6176,0.685268,-0.0476659
1725248264.236110198,22.6464,0.682533,-0.0471075
1725248264.256128345,22.6754,0.679792,-0.0472409
1725248264.276117256,22.7043,0.677069,-0.0467073
1725248264.305927719,22.7334,0.674336,-0.0467072
1725248264.316166795,22.7627,0.671623,-0.0456398
1725248264.345935528,22.7921,0.668944,-0.0452643
1725248264.366165412,22.8214,0.66629,-0.0448639
1725248264.385967963,22.8652,0.662335,-0.0451308
1725248264.405915795,22.8942,0.659701,-0.0455311
1725248264.425921838,22.9237,0.657003,-0.0456646
1725248264.446174947,22.9533,0.654272,-0.0464651
1725248264.466143729,22.9827,0.65149,-0.0477993
1725248264.485925541,23.0124,0.648625,-0.0481995
1725248264.505929240,23.0421,0.645744,-0.048333
1725248264.535940870,23.0716,0.642872,-0.0487332
1725248264.546173704,23.1016,0.639942,-0.0485998
1725248264.575939641,23.1316,0.637011,-0.0487332
1725248264.596175557,23.1767,0.632588,-0.049
1725248264.615972829,23.207,0.629599,-0.0494002
1725248264.635919688,23.2371,0.6266,-0.0498004
1725248264.655919149,23.2673,0.623573,-0.0500673
1725248264.676221542,23.2979,0.620499,-0.0500673
1725248264.695918932,23.3279,0.617472,-0.0504675
1725248264.715879197,23.3581,0.614405,-0.0507342
1725248264.745923269,23.3882,0.611333,-0.0508676
1725248264.765923983,23.4199,0.608091,-0.051001
1725248264.775924480,23.45,0.605003,-0.0511344
1725248264.805936961,23.4949,0.600353,-0.0520434
1725248264.825887137,23.5251,0.597199,-0.0520435
1725248264.845940521,23.5547,0.594111,-0.0519101
1725248264.865962064,23.5842,0.591042,-0.0516433
1725248264.896136067,23.6136,0.587981,-0.0518014
1725248264.906358301,23.6429,0.584946,-0.0515346
1725248264.935897011,23.6719,0.581945,-0.0515346
1725248264.945895203,23.7009,0.578945,-0.0515346
1725248264.976147596,23.73,0.575933,-0.051668
1725248264.996138220,23.7588,0.572957,-0.0512678
1725248265.016136247,23.8022,0.568481,-0.0514012
1725248265.036092706,23.831,0.565502,-0.0514012
1725248265.065926945,23.8599,0.562492,-0.0524683
1725248265.076163867,23.8883,0.559481,-0.0531352
1725248265.096146175,23.9171,0.556389,-0.0538021
1725248265.116174080,23.9455,0.55331,-0.0542022
1725248265.146133089,23.9741,0.550179,-0.0546024
1725248265.166225589,24.0026,0.54705,-0.0548691
1725248265.176222959,24.0313,0.543878,-0.0551358
1725248265.205926176,24.0599,0.540704,-0.0554026
1725248265.226151371,24.1029,0.535901,-0.0558026
1725248265.246132817,24.1316,0.532663,-0.0562027
1725248265.266118842,24.1605,0.529395,-0.0563361
1725248265.296131514,24.1896,0.526112,-0.0562027
1725248265.306120358,24.2185,0.522837,-0.0566028
1725248265.336140836,24.2474,0.519542,-0.0566028
1725248265.346277003,24.2765,0.516233,-0.0566028
1725248265.366187804,24.3058,0.512904,-0.0564447
1725248265.396183293,24.3352,0.509566,-0.0567114
1725248265.416135973,24.3647,0.506209,-0.0563114
1725248265.436144341,24.4088,0.501218,-0.0563114
1725248265.456144002,24.4385,0.497864,-0.0563361
1725248265.476141609,24.4681,0.49451,-0.0563361
1725248265.496141541,24.4992,0.491,-0.0560693
1725248265.516172392,24.5276,0.487804,-0.0558026
1725248265.536136004,24.5576,0.484465,-0.0551358
1725248265.566172661,24.5877,0.481135,-0.0550025
1725248265.576130907,24.6174,0.477854,-0.0547357
1725248265.606153749,24.6474,0.474555,-0.0548691
1725248265.625958655,24.6772,0.471255,-0.0552692
1725248265.646288382,24.7221,0.466293,-0.0548691
1725248265.666207898,24.7521,0.462967,-0.0554026
1725248265.686150369,24.782,0.459631,-0.0556693
1725248265.705886884,24.8119,0.456288,-0.0556693
1725248265.736267454,24.8416,0.452959,-0.0556693
1725248265.746016457,24.8718,0.449586,-0.0556693
1725248265.766157931,24.9017,0.446234,-0.055936
1725248265.796185912,24.9317,0.44286,-0.055936
1725248265.816139765,24.9633,0.4393,-0.0562027
1725248265.836146750,24.9929,0.43597,-0.0556693
1725248265.856186448,25.0376,0.430939,-0.0563361
1725248265.876173345,25.0674,0.427567,-0.0562027
1725248265.896146375,25.0977,0.424155,-0.055936
1725248265.916142088,25.1278,0.420796,-0.0553778
1725248265.936129787,25.1582,0.417408,-0.0552445
1725248265.966156015,25.1884,0.414077,-0.054711
1725248265.976168826,25.2188,0.410741,-0.0544443
1725248266.005961995,25.2489,0.407454,-0.054469
1725248266.026144838,25.279,0.404154,-0.054469
1725248266.046175028,25.3096,0.400818,-0.0542022
1725248266.066164169,25.3552,0.395842,-0.0543356
1725248266.085891737,25.3856,0.392532,-0.0542022
1725248266.106092415,25.416,0.389219,-0.0542022
1725248266.136305542,25.4465,0.385887,-0.0546024
1725248266.156192307,25.4769,0.382544,-0.0550025
1725248266.166162695,25.5074,0.379163,-0.0554025
1725248266.196267655,25.5377,0.375772,-0.0558026
1725248266.215906191,25.5684,0.372323,-0.0560694
1725248266.236117339,25.5987,0.3689,-0.0562027
1725248266.256187014,25.6293,0.36545,-0.0562027
1725248266.276173411,25.6746,0.36031,-0.0567361
1725248266.296123185,25.7051,0.35682,-0.0570028
1725248266.325918910,25.7356,0.353324,-0.0571362
1725248266.335948844,25.7659,0.349828,-0.0575362
1725248266.356032096,25.7965,0.346285,-0.0576696
1725248266.376141939,25.8268,0.342776,-0.0576696
1725248266.406265685,25.8571,0.339258,-0.0579363
1725248266.426141006,25.8873,0.335725,-0.058203
1725248266.435887985,25.9178,0.332148,-0.058603
1725248266.465942278,25.9478,0.32863,-0.0580696
1725248266.486144108,25.9934,0.3233,-0.0581782
1725248266.506160311,26.0238,0.319737,-0.0584449
1725248266.526142318,26.054,0.316196,-0.0584449
1725248266.556185768,26.0842,0.312638,-0.0584696
1725248266.566132132,26.1146,0.309052,-0.0591363
1725248266.596097212,26.1451,0.305447,-0.0583363
1725248266.605938693,26.1753,0.301893,-0.0587363
1725248266.636143705,26.2054,0.298343,-0.0584696
1725248266.656183203,26.2356,0.294797,-0.0583363
1725248266.676238331,26.2658,0.291243,-0.0587363
1725248266.696243222,26.3112,0.285846,-0.0595363
1725248266.726240384,26.3417,0.282204,-0.059403
1725248266.735937698,26.3715,0.278613,-0.060203
1725248266.755921979,26.4023,0.274899,-0.0600697
1725248266.776115614,26.4325,0.271236,-0.0603363
1725248266.805923412,26.4628,0.267541,-0.0611362
1725248266.825926389,26.4929,0.26383,-0.0614029
1725248266.835910124,26.5233,0.260058,-0.0618028
1725248266.865885995,26.5551,0.256094,-0.0620694
1725248266.885926675,26.5854,0.252302,-0.0626027
1725248266.905937367,26.6305,0.246608,-0.062736
1725248266.926205215,26.6609,0.242767,-0.0630026
1725248266.956135969,26.6911,0.238911,-0.0638024
1725248266.965926692,26.721,0.235052,-0.0644688
1725248266.996140691,26.7514,0.231098,-0.065002
1725248267.006183430,26.7817,0.227118,-0.0652439
1725248267.036141857,26.8121,0.223124,-0.0655104
1725248267.056174973,26.8428,0.219079,-0.0652439
1725248267.076137783,26.8729,0.215096,-0.0663101
1725248267.096146262,26.9032,0.211048,-0.0664681
1725248267.116141123,26.9485,0.204973,-0.0667346
1725248267.136138440,26.9787,0.200914,-0.0667346
1725248267.156136207,27.0105,0.196636,-0.0670012
1725248267.176208258,27.0394,0.192738,-0.0670012
1725248267.196210454,27.0698,0.188625,-0.067401
1725248267.226319692,27.1003,0.184478,-0.0675342
1725248267.235975685,27.1307,0.180316,-0.0684671
1725248267.265903765,27.161,0.176134,-0.068467
1725248267.286140903,27.1913,0.171966,-0.0683338
1725248267.306160011,27.2214,0.167795,-0.0688668
1725248267.326168940,27.2668,0.16145,-0.070066
1725248267.345923830,27.2971,0.157163,-0.0703325
1725248267.365940023,27.327,0.152916,-0.070599
1725248267.396143382,27.3573,0.148597,-0.0708654
1725248267.416185705,27.3874,0.144286,-0.0712651
1725248267.426285803,27.4176,0.139953,-0.0712651
1725248267.456143588,27.4478,0.135599,-0.0716648
1725248267.476138710,27.4781,0.131207,-0.0721977
1725248267.496142058,27.5081,0.12683,-0.0724641
1725248267.515954760,27.538,0.122463,-0.0724641
1725248267.536137854,27.5831,0.115874,-0.0724641
1725248267.556132736,27.6131,0.111493,-0.0725727
1725248267.586119859,27.643,0.107112,-0.0728391
1725248267.596185501,27.6729,0.102701,-0.0732388
1725248267.626228290,27.7028,0.0982876,-0.0732387
1725248267.636177078,27.7326,0.0938855,-0.0731302
1725248267.665936252,27.7628,0.0894321,-0.0733967
1725248267.685981781,27.7926,0.0850152,-0.0735298
1725248267.705937327,27.8225,0.0805708,-0.073663
1725248267.725939163,27.8528,0.0760876,-0.0735298
1725248267.745923575,27.8981,0.0693639,-0.0735298
1725248267.765918677,27.9282,0.0648679,-0.0747286
1725248267.796166171,27.9586,0.0602702,-0.0752614
1725248267.816167245,27.9886,0.0557019,-0.0753946
1725248267.826130490,28.0188,0.0511057,-0.0755278
1725248267.856163281,28.0492,0.0464734,-0.0759273
1725248267.876163793,28.0791,0.041863,-0.0764601
1725248267.896137585,28.1093,0.0372003,-0.0769928
1725248267.916180198,28.1406,0.0323073,-0.0776586
1725248267.935941100,28.1707,0.0275705,-0.0785907
1725248267.956137400,28.2159,0.0203308,-0.0800554
1725248267.985919357,28.2463,0.0153955,-0.0803216
1725248267.996180587,28.2765,0.0105011,-0.0804548
1725248268.016020359,28.3067,0.00555971,-0.0815198
1725248268.035922673,28.3369,0.000538936,-0.0827179
1725248268.065928212,28.367,-0.00453361,-0.0843151
1725248268.085928835,28.3973,-0.00972313,-0.0851136
1725248268.096102154,28.4277,-0.0149513,-0.0848474
1725248268.125938657,28.458,-0.0201664,-0.0853551
1725248268.145926285,28.4882,-0.0253885,-0.0858875
1725248268.166282292,28.533,-0.0331935,-0.0864444
1725248268.185970434,28.563,-0.0384586,-0.0869766
1725248268.216250069,28.5931,-0.0437949,-0.0880411
1725248268.225938866,28.6233,-0.0491791,-0.0881741
1725248268.255930638,28.6535,-0.0545717,-0.0887063
1725248268.265920494,28.6835,-0.0599567,-0.0883072
1725248268.295992050,28.7138,-0.0653646,-0.0883072
1725248268.316173811,28.7436,-0.0707106,-0.0885733
1725248268.336149967,28.7737,-0.0761116,-0.0889724
1725248268.356162443,28.8036,-0.0815134,-0.0897706
1725248268.386166869,28.8485,-0.0897477,-0.0911008
1725248268.396161384,28.8783,-0.095261,-0.0917659
1725248268.415964978,28.9081,-0.100822,-0.0922979
1725248268.436166969,28.9378,-0.106383,-0.0925639
1725248268.466291616,28.9676,-0.111976,-0.0929628
1725248268.486177900,28.9976,-0.117666,-0.0937608
1725248268.496134942,29.0276,-0.123372,-0.0942927
1725248268.526293736,29.0574,-0.129092,-0.0950905
1725248268.546481889,29.0872,-0.134829,-0.0948245
1725248268.566548599,29.117,-0.140574,-0.0949575
1725248268.586174340,29.1617,-0.149196,-0.0953564
1725248268.616163427,29.1914,-0.154955,-0.0961541
1725248268.626165637,29.2213,-0.160781,-0.0958882
1725248268.656135827,29.2514,-0.166656,-0.096553
1725248268.676190695,29.2813,-0.172482,-0.0958636
1725248268.696182120,29.3112,-0.178307,-0.0957306
1725248268.716221097,29.3412,-0.184123,-0.0959965
1725248268.736218484,29.3713,-0.189992,-0.0961541
1725248268.756271458,29.4014,-0.195868,-0.0962871
1725248268.785871174,29.4316,-0.201768,-0.0961541
1725248268.796166569,29.4764,-0.210524,-0.096553
1725248268.816169055,29.5064,-0.216382,-0.0961541
1725248268.846151128,29.5362,-0.222198,-0.09642
1725248268.865977516,29.5659,-0.228005,-0.0962871
1725248268.886185758,29.5956,-0.233821,-0.0966859
1725248268.896140357,29.6254,-0.23966,-0.0966859
1725248268.926156997,29.6548,-0.245441,-0.0968189
1725248268.945962264,29.6854,-0.251458,-0.0969518
1725248268.966178723,29.7147,-0.257204,-0.0966859
1725248268.986155720,29.7435,-0.262864,-0.0970847
1725248269.006065197,29.7867,-0.271342,-0.096553
1725248269.025986568,29.8153,-0.276962,-0.0966859
1725248269.056141263,29.8439,-0.282564,-0.09642
1725248269.076167055,29.8724,-0.288142,-0.0966859
1725248269.085966655,29.9008,-0.293702,-0.0962871
1725248269.116116300,29.9294,-0.299281,-0.09642
1725248269.136163573,29.9577,-0.304825,-0.09642
1725248269.156180918,29.9862,-0.310395,-0.09642
1725248269.176180228,30.0146,-0.315956,-0.096553
1725248269.195983341,30.0429,-0.321483,-0.0961541
1725248269.216133923,30.0854,-0.329744,-0.0953318
1725248269.246104604,30.1138,-0.335219,-0.0950658
1725248269.256283134,30.1421,-0.340677,-0.0951988
1725248269.286316616,30.1701,-0.346088,-0.0950905
1725248269.295981888,30.1985,-0.351557,-0.0950905
1725248269.326146732,30.2267,-0.356984,-0.0949575
1725248269.346116656,30.2548,-0.362387,-0.0946916
1725248269.366181282,30.2829,-0.367792,-0.0945586
1725248269.386182295,30.3111,-0.373165,-0.0940267
1725248269.406171697,30.339,-0.37849,-0.0941597
1725248269.426177249,30.381,-0.386484,-0.0937608
1725248269.456159462,30.4089,-0.391779,-0.0933618
1725248269.476163642,30.4365,-0.396987,-0.0928299
1725248269.486161824,30.464,-0.402156,-0.0924309
1725248269.515931759,30.4912,-0.407245,-0.0925639
1725248269.536132958,30.5182,-0.412316,-0.0926969
1725248269.556182024,30.5452,-0.417395,-0.0928299
1725248269.576163210,30.5718,-0.422401,-0.0926969
1725248269.596159765,30.5983,-0.427382,-0.0928299
1725248269.616189675,30.6248,-0.432354,-0.0928299
1725248269.646187698,30.664,-0.439744,-0.0929628
1725248269.656178387,30.6901,-0.44465,-0.0929628
1725248269.686161521,30.716,-0.449531,-0.0929628
1725248269.696188810,30.7416,-0.45434,-0.0925639
1725248269.725956961,30.7669,-0.459088,-0.0924309
1725248269.745981070,30.7923,-0.463843,-0.0924309
1725248269.756304488,30.8174,-0.468544,-0.0921649
1725248269.786153604,30.8425,-0.473215,-0.0917659
1725248269.805922112,30.8675,-0.477845,-0.0909678
1725248269.826163608,30.8924,-0.482421,-0.0911008
1725248269.846174932,30.9296,-0.489281,-0.0909432
1725248269.876167164,30.954,-0.493778,-0.0908102
1725248269.886166369,30.9784,-0.498253,-0.0905441
1725248269.915974387,31.0027,-0.502703,-0.0901697
1725248269.936023403,31.0269,-0.507123,-0.0899037
1725248269.956166580,31.051,-0.511497,-0.0897706
1725248269.976158116,31.0762,-0.516063,-0.0895045
1725248269.995976047,31.0999,-0.520369,-0.0897706
1725248270.016169801,31.1246,-0.524842,-0.0891055
1725248270.046334486,31.1469,-0.52887,-0.0893715
1725248270.055939872,31.182,-0.535206,-0.0891054
1725248270.076383227,31.205,-0.539369,-0.0891055
1725248270.105937006,31.2281,-0.543538,-0.0893715
1725248270.126168002,31.2511,-0.54769,-0.0893715
1725248270.146164246,31.2736,-0.55177,-0.0893715
1725248270.156130658,31.2964,-0.555911,-0.0899036
1725248270.185937884,31.3187,-0.559974,-0.0901697
1725248270.206190923,31.3412,-0.564055,-0.0896376
1725248270.226232124,31.3631,-0.568036,-0.0899036
1725248270.246194384,31.385,-0.572019,-0.0892385
1725248270.276229368,31.4175,-0.577867,-0.0887063
1725248270.285919268,31.4388,-0.581704,-0.0891054
1725248270.315873156,31.4601,-0.585546,-0.0889724
1725248270.336164259,31.4813,-0.589365,-0.0891055
1725248270.355942594,31.5022,-0.593134,-0.0893715
1725248270.376163441,31.5228,-0.596861,-0.0893715
1725248270.395942016,31.5431,-0.600546,-0.0896376
1725248270.415960724,31.5631,-0.60416,-0.0893715
1725248270.446165606,31.5828,-0.607742,-0.0897706
1725248270.456166523,31.6021,-0.611249,-0.0897706
1725248270.476133161,31.6309,-0.616485,-0.0897706
1725248270.506284470,31.6496,-0.619878,-0.0900367
1725248270.526327103,31.668,-0.623233,-0.0896376
1725248270.546170193,31.6861,-0.626507,-0.0895045
1725248270.556113249,31.7038,-0.629725,-0.0897706
1725248270.586291961,31.7215,-0.632939,-0.089879
1725248270.606167934,31.7385,-0.636033,-0.0897459
1725248270.626162926,31.7552,-0.639069,-0.090012
1725248270.646167857,31.7716,-0.642062,-0.090012
1725248270.676156162,31.7876,-0.644989,-0.090278
1725248270.686151910,31.8111,-0.649274,-0.0900366
1725248270.716136208,31.8263,-0.652044,-0.0901697
1725248270.736179733,31.8411,-0.654743,-0.0900367
1725248270.746112028,31.8556,-0.657391,-0.0899036
1725248270.776221437,31.8698,-0.659967,-0.0900367
1725248270.796321020,31.8838,-0.66252,-0.0899037
1725248270.815937554,31.8971,-0.664937,-0.0896376
1725248270.836132772,31.9101,-0.667306,-0.0899036
1725248270.856133014,31.9229,-0.669631,-0.0899036
1725248270.876164096,31.9351,-0.671855,-0.0893715
1725248270.906206415,31.953,-0.675082,-0.0891055
1725248270.916163759,31.9645,-0.677165,-0.0892385
1725248270.946174627,31.976,-0.679221,-0.0888394
1725248270.956113245,31.987,-0.681201,-0.0887063
1725248270.986248253,31.9976,-0.683108,-0.0885733
1725248271.006169662,32.008,-0.684963,-0.0881741
1725248271.026164755,32.0179,-0.686732,-0.0881741
1725248271.046164486,32.0275,-0.688444,-0.0883072
1725248271.066414770,32.0375,-0.690228,-0.0884402
1725248271.086175882,32.0466,-0.691862,-0.0884402
1725248271.116132096,32.06,-0.694263,-0.0881741
1725248271.135953634,32.0685,-0.695776,-0.0881741
1725248271.146134438,32.0767,-0.697243,-0.0881741
1725248271.176132592,32.0847,-0.69866,-0.087908
1725248271.196136802,32.0924,-0.700027,-0.0876419
1725248271.216134078,32.0997,-0.701335,-0.087775
1725248271.236124261,32.107,-0.702622,-0.087908
1725248271.256127939,32.1139,-0.70385,-0.0876419
1725248271.276160273,32.1204,-0.704996,-0.087775
1725248271.306119152,32.1265,-0.706089,-0.0883072
1725248271.315970191,32.1352,-0.707638,-0.0881741
1725248271.345879875,32.1406,-0.708614,-0.087908
1725248271.366155737,32.1459,-0.709552,-0.0875089
1725248271.386127054,32.1509,-0.710442,-0.0876419
1725248271.406295941,32.1556,-0.711261,-0.0872428
1725248271.426169138,32.16,-0.712044,-0.0872428
1725248271.446170552,32.164,-0.712746,-0.0871097
1725248271.466146067,32.1679,-0.713436,-0.0871097
1725248271.486174003,32.1714,-0.714045,-0.0869766
1725248271.505977557,32.1749,-0.714665,-0.0869766
1725248271.536181988,32.1793,-0.715433,-0.0868436
1725248271.546159821,32.1819,-0.715903,-0.0867105
1725248271.576137826,32.1845,-0.71635,-0.0868436
1725248271.596113311,32.1866,-0.716717,-0.0868436
1725248271.616135185,32.1884,-0.717037,-0.0865775
1725248271.635955411,32.1898,-0.717289,-0.0865775
1725248271.655938420,32.1911,-0.717506,-0.0867105
1725248271.675959933,32.1921,-0.717689,-0.0867105
1725248271.705961533,32.1928,-0.717803,-0.0867105
1725248271.716135003,32.1932,-0.717872,-0.0867105
1725248271.735957674,32.1933,-0.717895,-0.0867105
1725248271.766151484,32.1931,-0.717861,-0.0865774
1725248271.786269263,32.1926,-0.717781,-0.0867105
1725248271.806263603,32.1922,-0.717712,-0.0867105
1725248271.816147275,32.1917,-0.717609,-0.0865775
1725248271.845925626,32.1911,-0.717518,-0.0865774
1725248271.866137316,32.1905,-0.717415,-0.0864444
1725248271.886179389,32.1901,-0.717335,-0.0865774
1725248271.906181775,32.1896,-0.717243,-0.0865774
1725248271.935962420,32.1889,-0.717129,-0.0865774
1725248271.946174264,32.1881,-0.71698,-0.0867105
1725248271.975918960,32.1875,-0.716889,-0.0867105
1725248271.996007903,32.1872,-0.71682,-0.0867105
1725248272.016177862,32.1868,-0.716763,-0.0865775
1725248272.036180318,32.1866,-0.716717,-0.0865775
1725248272.056133601,32.1864,-0.716694,-0.0865774
1725248272.076021677,32.1863,-0.716672,-0.0865774
1725248272.106166623,32.1863,-0.716672,-0.0865774
1725248272.116159215,32.1862,-0.71666,-0.0864444
1725248272.136161050,32.1862,-0.71666,-0.0864444
1725248272.166163662,32.1862,-0.71666,-0.0864444
1725248272.186167602,32.1863,-0.716672,-0.0863113
1725248272.206181321,32.1864,-0.716694,-0.0863113
1725248272.216162320,32.1866,-0.716717,-0.0863113
1725248272.245964316,32.1867,-0.71674,-0.0863113
1725248272.265939841,32.1867,-0.71674,-0.0863113
1725248272.286209922,32.1867,-0.71674,-0.0863113
1725248272.306255340,32.1867,-0.71674,-0.0863113
1725248272.336335433,32.1867,-0.71674,-0.0863113
1725248272.346127458,32.1867,-0.71674,-0.0863113
1725248272.375905379,32.1866,-0.716729,-0.0861782
1725248272.396118511,32.1866,-0.716729,-0.0861782
1725248272.406155368,32.1866,-0.716729,-0.0861782
1725248272.435975599,32.1865,-0.716706,-0.0861782
1725248272.456129167,32.1865,-0.716706,-0.0861782
1725248272.476147423,32.1864,-0.716694,-0.0863113
1725248272.496158086,32.1864,-0.716683,-0.0861782
1725248272.516130415,32.1864,-0.716683,-0.0861782
1725248272.536135306,32.1864,-0.716683,-0.0861782
1725248272.565987378,32.1864,-0.716683,-0.0861782
1725248272.576147713,32.1864,-0.716683,-0.0861782
1725248272.606186314,32.1863,-0.716672,-0.0863113
1725248272.626170626,32.1863,-0.716672,-0.0863113
1725248272.646425899,32.1863,-0.716672,-0.0863113
1725248272.665942000,32.1862,-0.71666,-0.0861782
1725248272.685921752,32.1862,-0.71666,-0.0861782
1725248272.705939208,32.1862,-0.71666,-0.0861782
1725248272.725909973,32.1862,-0.71666,-0.0861782
1725248272.745936195,32.1862,-0.716649,-0.0863113
1725248272.776189561,32.1861,-0.716638,-0.0861782
1725248272.796174804,32.1861,-0.716638,-0.0861782
1725248272.805924127,32.186,-0.716626,-0.0863113
1725248272.836285431,32.186,-0.716626,-0.0863113
1725248272.855926361,32.186,-0.716626,-0.0863113
1725248272.875934799,32.186,-0.716626,-0.0863113
1725248272.895891477,32.186,-0.716615,-0.0864444
