1725004735.035052731,0,0,0
1725004735.065296570,0,0,0
1725004735.085416915,0,0,0
1725004735.105311202,0,0,0
1725004735.125297177,0,0,0
1725004735.145311978,0,0,0
1725004735.165284856,0,0,0
1725004735.195251529,0,0,0
1725004735.205311531,0,0,0
1725004735.225399253,0,0,0
1725004735.245299542,0,0,0
1725004735.275269221,-6.62491e-05,2.65461e-08,-0.0004007
1725004735.295223494,-6.62491e-05,2.65461e-08,-0.0004007
1725004735.305398288,-6.62491e-05,2.65461e-08,-0.0004007
1725004735.335037107,-0.000132502,8.84911e-08,-0.000534275
1725004735.355277323,-0.000198755,1.68136e-07,-0.00066785
1725004735.375294609,-0.000265,2.65467e-07,-0.000801409
1725004735.395294801,-0.000331253,3.80508e-07,-0.000934984
1725004735.425263989,-0.000397502,4.95543e-07,-0.000801417
1725004735.435223456,-0.000463747,6.10571e-07,-0.000934976
1725004735.465341402,-0.000596249,8.58344e-07,-0.000934984
1725004735.475296801,-0.000596249,8.58344e-07,-0.000934984
1725004735.505314243,-0.000596249,8.58344e-07,-0.000934984
1725004735.525325887,-0.000596249,8.58344e-07,-0.000934984
1725004735.545309477,-0.000596249,8.58344e-07,-0.000934984
1725004735.565294489,-0.00053,7.25612e-07,-0.00106855
1725004735.595082006,-0.000463748,5.92872e-07,-0.000934976
1725004735.605306857,-0.000331253,3.45114e-07,-0.000934984
1725004735.625293012,-0.000198751,9.73399e-08,-0.000934976
1725004735.645308234,6.62486e-05,-3.982e-07,-0.000934984
1725004735.675249728,0.000529996,-1.32733e-06,-0.00106854
1725004735.695225673,0.000927494,-2.07064e-06,-0.000801417
1725004735.705310703,0.0014575,-2.92014e-06,-0.000801409
1725004735.735233401,0.00198749,-3.76963e-06,-0.000801417
1725004735.755289051,0.0025175,-4.61914e-06,-0.000801409
1725004735.775293662,0.00331249,-6.10575e-06,-0.00106854
1725004735.795286670,0.00417374,-7.83127e-06,-0.000934976
1725004735.825320523,0.00516749,-9.5568e-06,-0.000801409
1725004735.835032902,0.00622749,-1.12558e-05,-0.000801409
1725004735.865278935,0.00741998,-1.34857e-05,-0.00106856
1725004735.875294401,0.00953998,-1.74501e-05,-0.000801409
1725004735.905299519,0.0109312,-1.98658e-05,-0.000934976
1725004735.925302857,0.0126537,-2.30868e-05,-0.000934976
1725004735.945025322,0.0145087,-2.65555e-05,-0.000934984
1725004735.965289134,0.0164962,-3.0803e-05,-0.00120212
1725004735.995230678,0.0187487,-3.56168e-05,-0.000934976
1725004736.005314876,0.0212662,-4.03245e-05,-0.000934984
1725004736.025273528,0.02385,-4.55011e-05,-0.00106854
1725004736.045368583,0.0268312,-5.1474e-05,-0.000934976
1725004736.075321250,0.0298787,-5.71727e-05,-0.000934976
1725004736.095428660,0.0353112,-6.73312e-05,-0.000934976
1725004736.105343781,0.0391537,-7.5543e-05,-0.00120212
1725004736.135045301,0.0434599,-8.5321e-05,-0.00106854
1725004736.155222746,0.0478986,-9.65857e-05,-0.00146926
1725004736.175242046,0.0528011,-0.000110992,-0.00146925
1725004736.195071316,0.0579023,-0.000126663,-0.00160282
1725004736.215099943,0.0635998,-0.000144927,-0.00160282
1725004736.235054417,0.069496,-0.000164616,-0.00173639
1725004736.265335729,0.076121,-0.000187623,-0.00173639
1725004736.285297957,0.0826797,-0.000213028,-0.0021371
1725004736.295053511,0.0933459,-0.000257193,-0.00200352
1725004736.325303792,0.100832,-0.000288191,-0.00213709
1725004736.345271441,0.108649,-0.000323692,-0.00240423
1725004736.365296742,0.116798,-0.000363964,-0.0025378
1725004736.385300891,0.125344,-0.000408482,-0.00267137
1725004736.405326072,0.134288,-0.000457461,-0.00280494
1725004736.425294613,0.143496,-0.000512811,-0.00320564
1725004736.455347453,0.153036,-0.000576522,-0.00347278
1725004736.465227487,0.162907,-0.000649039,-0.00387348
1725004736.495285356,0.172911,-0.000727873,-0.00400705
1725004736.505386818,0.188545,-0.000853172,-0.00400705
1725004736.535298245,0.199145,-0.000940953,-0.00427418
1725004736.555302745,0.210142,-0.00103496,-0.00427418
1725004736.575360228,0.221271,-0.00113308,-0.00454132
1725004736.595311866,0.232666,-0.00123962,-0.00480845
1725004736.615180253,0.244458,-0.00135617,-0.00507558
1725004736.635257484,0.256448,-0.0014795,-0.00520915
1725004736.665060411,0.268837,-0.00161022,-0.00534272
1725004736.685270669,0.281291,-0.00174663,-0.00560985
1725004736.695034117,0.294076,-0.00189521,-0.00601056
1725004736.725302073,0.313353,-0.00213468,-0.00641125
1725004736.745295192,0.326536,-0.00230901,-0.00681194
1725004736.765324960,0.339652,-0.00249473,-0.00734621
1725004736.785307509,0.353232,-0.00269608,-0.00747977
1725004736.805311128,0.367143,-0.00290791,-0.0077469
1725004736.825297784,0.380855,-0.00312221,-0.00788046
1725004736.855231463,0.394832,-0.00334066,-0.00774689
1725004736.865297366,0.408875,-0.00356201,-0.00801403
1725004736.895355347,0.423051,-0.00379682,-0.00854828
1725004736.905298693,0.43716,-0.00403618,-0.00841471
1725004736.935270015,0.458489,-0.00440088,-0.00868186
1725004736.955289265,0.472598,-0.00465531,-0.00934968
1725004736.975051916,0.486707,-0.00491729,-0.00921611
1725004736.995074122,0.500882,-0.00518239,-0.00948323
1725004737.015232569,0.514925,-0.00544876,-0.00948321
1725004737.035252409,0.529033,-0.00571827,-0.0096168
1725004737.055292459,0.543287,-0.00599852,-0.0100422
1725004737.085398923,0.557726,-0.00628472,-0.0097751
1725004737.095102976,0.571901,-0.00656566,-0.0100422
1725004737.125213006,0.586142,-0.00684602,-0.00964152
1725004737.145296239,0.607338,-0.00724914,-0.00937441
1725004737.165288015,0.621447,-0.00751935,-0.0097751
1725004737.185311913,0.635489,-0.00779017,-0.009508
1725004737.205092420,0.649598,-0.00806038,-0.00964155
1725004737.225307938,0.663719,-0.0083267,-0.00921611
1725004737.255247418,0.677828,-0.00858868,-0.00934969
1725004737.265281449,0.692798,-0.00886464,-0.00908254
1725004737.285419578,0.706906,-0.00912662,-0.00948323
1725004737.305313274,0.721081,-0.00939172,-0.00921609
1725004737.335244017,0.735256,-0.00965682,-0.00948323
1725004737.355290800,0.756519,-0.0100573,-0.00934966
1725004737.365316526,0.770893,-0.0103242,-0.00921611
1725004737.395632685,0.785267,-0.0105911,-0.00934966
1725004737.415285124,0.799839,-0.0108597,-0.00908252
1725004737.435287311,0.814544,-0.0111269,-0.00908254
1725004737.455294456,0.829514,-0.0113948,-0.00881542
1725004737.485305656,0.844683,-0.0116603,-0.00868185
1725004737.495160992,0.859653,-0.0119243,-0.00894898
1725004737.525332732,0.874491,-0.0121859,-0.00868185
1725004737.545328936,0.889461,-0.0124459,-0.00868185
1725004737.565313519,0.912115,-0.0128453,-0.00894898
1725004737.585356553,0.927483,-0.0131204,-0.00894897
1725004737.605293824,0.94285,-0.0133996,-0.00921609
1725004737.625423236,0.95835,-0.0136853,-0.0092161
1725004737.655283193,0.974115,-0.0139801,-0.00948323
1725004737.665307895,0.990012,-0.0142817,-0.00948322
1725004737.685287658,1.00591,-0.0145832,-0.00948323
1725004737.715082048,1.02187,-0.0148882,-0.00961679
1725004737.735254443,1.03784,-0.0151974,-0.00975035
1725004737.755255697,1.05387,-0.0155143,-0.0100175
1725004737.765298586,1.07791,-0.0160057,-0.0104182
1725004737.795280819,1.09414,-0.0163417,-0.0102846
1725004737.815484765,1.1105,-0.0166849,-0.0106853
1725004737.835080905,1.12686,-0.0170367,-0.0108188
1725004737.855252419,1.14322,-0.0173886,-0.0106853
1725004737.875327185,1.15958,-0.0177405,-0.0108188
1725004737.895282611,1.17567,-0.0180866,-0.0106853
1725004737.925270415,1.19203,-0.0184341,-0.0105517
1725004737.945265127,1.20819,-0.0187753,-0.0105517
1725004737.955287877,1.22435,-0.0191121,-0.0102846
1725004737.985307753,1.2488,-0.0196181,-0.0104182
1725004738.005255564,1.26516,-0.0199569,-0.0102846
1725004738.025317355,1.28145,-0.0202921,-0.0102846
1725004738.045225580,1.29761,-0.0206246,-0.0102846
1725004738.065326817,1.31364,-0.0209586,-0.0105517
1725004738.085306469,1.3298,-0.0212997,-0.0105517
1725004738.115115207,1.34576,-0.0216388,-0.0106853
1725004738.135281139,1.36186,-0.0219807,-0.0105517
1725004738.155281231,1.37803,-0.0223268,-0.0108436
1725004738.165088033,1.39433,-0.0226802,-0.0108436
1725004738.195073493,1.41863,-0.0232042,-0.01071
1725004738.215271287,1.43493,-0.0235533,-0.01071
1725004738.235288973,1.45102,-0.023896,-0.0105765
1725004738.255052827,1.46732,-0.0242363,-0.0103093
1725004738.275359041,1.48348,-0.0245653,-0.0100422
1725004738.295345417,1.49965,-0.0248855,-0.00975035
1725004738.325270821,1.51668,-0.0252197,-0.0098839
1725004738.345029025,1.53198,-0.0255202,-0.00975035
1725004738.355403494,1.54893,-0.0258555,-0.0100175
1725004738.385315222,1.56516,-0.0261828,-0.010151
1725004738.405296187,1.5894,-0.026675,-0.0101511
1725004738.425307360,1.60563,-0.0270067,-0.0102846
1725004738.445072898,1.62179,-0.0273392,-0.0102846
1725004738.465314217,1.63802,-0.0276752,-0.0104181
1725004738.485325230,1.65418,-0.028012,-0.0104182
1725004738.515109961,1.67061,-0.0283543,-0.0104182
1725004738.525270418,1.68684,-0.0286947,-0.0105517
1725004738.555353697,1.70306,-0.0290394,-0.0106853
1725004738.565119330,1.71936,-0.0293876,-0.0106853
1725004738.595080172,1.73545,-0.0297295,-0.0105517
1725004738.615368361,1.75989,-0.0302421,-0.0104182
1725004738.635478536,1.77632,-0.0305844,-0.0104182
1725004738.655316143,1.79348,-0.0309442,-0.0105517
1725004738.675282801,1.80931,-0.0312805,-0.0106853
1725004738.695095681,1.82606,-0.0316409,-0.0108188
1725004738.725235299,1.84282,-0.0320058,-0.0109524
1725004738.745191967,1.85971,-0.0323781,-0.011086
1725004738.755078442,1.87673,-0.0327578,-0.0112195
1725004738.785303296,1.89389,-0.0331451,-0.0113531
1725004738.805317445,1.91104,-0.033537,-0.0114866
1725004738.825309851,1.937,-0.0341405,-0.0117538
1725004738.845300375,1.95436,-0.0345485,-0.0117538
1725004738.865455066,1.97178,-0.0349558,-0.0116202
1725004738.885302403,1.98939,-0.0353653,-0.0116202
1725004738.915075341,2.00668,-0.0357694,-0.0117538
1725004738.925062142,2.02417,-0.0361805,-0.0117538
1725004738.945170883,2.04158,-0.0365971,-0.0121544
1725004738.975275453,2.05907,-0.0370175,-0.0118873
1725004738.995249524,2.07655,-0.0374333,-0.0118873
1725004739.015340182,2.09404,-0.0378491,-0.0118873
1725004739.025024036,2.12007,-0.0384576,-0.0114867
1725004739.055277283,2.13735,-0.0388525,-0.0113531
1725004739.075289979,2.15438,-0.0392323,-0.0109524
1725004739.095330339,2.17153,-0.0396104,-0.011086
1725004739.115376480,2.18855,-0.0399856,-0.0109524
1725004739.145481050,2.20565,-0.0403653,-0.0112443
1725004739.155495915,2.22287,-0.0407526,-0.0112443
1725004739.185300945,2.24003,-0.0411408,-0.0113778
1725004739.205303922,2.25712,-0.0415251,-0.0111107
1725004739.225308322,2.27401,-0.0419028,-0.0112443
1725004739.245302873,2.29951,-0.0424729,-0.0111107
1725004739.265259171,2.31633,-0.0428423,-0.0108436
1725004739.285300683,2.3333,-0.0432054,-0.0105517
1725004739.315345797,2.35045,-0.0435652,-0.0104181
1725004739.325099577,2.36761,-0.0439204,-0.0102846
1725004739.345263696,2.38476,-0.0442757,-0.0104182
1725004739.375274825,2.40179,-0.0446327,-0.0105517
1725004739.395283764,2.41887,-0.0449934,-0.0105517
1725004739.415519051,2.43676,-0.0453708,-0.0105517
1725004739.425291897,2.45371,-0.0457333,-0.0108188
1725004739.455248922,2.47921,-0.0462885,-0.0109524
1725004739.475286927,2.49617,-0.0466645,-0.0112195
1725004739.495098725,2.51319,-0.0470488,-0.0113531
1725004739.515075562,2.53015,-0.0474339,-0.0113531
1725004739.545041474,2.54717,-0.0478182,-0.0112195
1725004739.555298156,2.56413,-0.0481988,-0.0112195
1725004739.585304846,2.58108,-0.0485748,-0.0109524
1725004739.605368762,2.5981,-0.04895,-0.011086
1725004739.625355016,2.61499,-0.0493268,-0.0112195
1725004739.645420685,2.63175,-0.0497006,-0.011086
1725004739.665207835,2.65712,-0.0502733,-0.0114866
1725004739.685318801,2.67394,-0.0506599,-0.0114866
1725004739.705219650,2.69076,-0.051051,-0.0117538
1725004739.725331148,2.70752,-0.0514472,-0.0118873
1725004739.745222008,2.72454,-0.0518542,-0.0120209
1725004739.775303103,2.74136,-0.0522588,-0.0120209
1725004739.795251164,2.75819,-0.0526633,-0.0120209
1725004739.815383662,2.77527,-0.0530742,-0.0120209
1725004739.825270599,2.79223,-0.0534774,-0.0117538
1725004739.855080328,2.80912,-0.0538767,-0.0118873
1725004739.875226283,2.83442,-0.0544851,-0.0121544
1725004739.895297311,2.85144,-0.0549013,-0.012288
1725004739.915524132,2.86839,-0.0553226,-0.0125551
1725004739.935073051,2.88542,-0.0557478,-0.0124216
1725004739.955223143,2.9023,-0.0561652,-0.012288
1725004739.985272717,2.91939,-0.0565898,-0.0125551
1725004740.005043645,2.93621,-0.0570078,-0.012288
1725004740.015098056,2.95317,-0.0574291,-0.0125551
1725004740.045039251,2.96992,-0.0578522,-0.0126887
1725004740.065066655,2.98695,-0.0582911,-0.0130894
1725004740.085332381,3.01218,-0.0589619,-0.01349
1725004740.105033805,3.02893,-0.0594118,-0.0133565
1725004740.125275194,3.04596,-0.0598788,-0.014049
1725004740.145029159,3.06298,-0.0603503,-0.0136483
1725004740.175053303,3.08007,-0.0608168,-0.0136483
1725004740.185315717,3.09702,-0.0612752,-0.0133812
1725004740.215405627,3.11398,-0.061729,-0.0133812
1725004740.235288904,3.131,-0.0621778,-0.0129805
1725004740.255268096,3.14775,-0.0626107,-0.0128469
1725004740.275247978,3.16465,-0.0630379,-0.0124216
1725004740.295306083,3.19029,-0.0636645,-0.0120209
1725004740.315074086,3.20731,-0.064067,-0.0116202
1725004740.335034771,3.22433,-0.0644604,-0.0114866
1725004740.355232526,3.24135,-0.0648492,-0.0113531
1725004740.385303391,3.25831,-0.0652298,-0.011086
1725004740.405052687,3.27626,-0.0656254,-0.0109524
1725004740.415550827,3.29328,-0.0659961,-0.0108188
1725004740.445315941,3.31023,-0.0663585,-0.0105517
1725004740.465596525,3.32726,-0.0667155,-0.0104182
1725004740.485310143,3.34441,-0.0670707,-0.0102846
1725004740.505297149,3.36985,-0.0675872,-0.0100175
1725004740.525324584,3.387,-0.0679287,-0.00988391
1725004740.545284098,3.40422,-0.0682691,-0.00988391
1725004740.575248908,3.42138,-0.0686106,-0.0100175
1725004740.585311174,3.4386,-0.0689603,-0.0102846
1725004740.605322728,3.45582,-0.0693146,-0.0102846
1725004740.635328698,3.47331,-0.0696743,-0.0102846
1725004740.655041814,3.49093,-0.0700368,-0.0102846
1725004740.675256722,3.50848,-0.0704002,-0.0104182
1725004740.685086298,3.52616,-0.0707664,-0.0102846
1725004740.715094422,3.55286,-0.0713191,-0.0104182
1725004740.735247630,3.57067,-0.0716928,-0.0105517
1725004740.755253202,3.58876,-0.0720769,-0.0106853
1725004740.775301196,3.60684,-0.0724706,-0.011086
1725004740.805291075,3.62505,-0.072877,-0.0112195
1725004740.815246414,3.64347,-0.0732902,-0.0112195
1725004740.845086192,3.66168,-0.0737014,-0.0113531
1725004740.865353159,3.68016,-0.0741285,-0.0117538
1725004740.885302734,3.69837,-0.0745592,-0.0118873
1725004740.905448367,3.71679,-0.0749921,-0.0116202
1725004740.925073854,3.74434,-0.0756399,-0.0118873
1725004740.945300925,3.76282,-0.0760769,-0.0117538
1725004740.975256217,3.78123,-0.0765147,-0.0120209
1725004740.985305398,3.79971,-0.0769566,-0.0118873
1725004741.005618695,3.81825,-0.0774075,-0.0124216
1725004741.035250381,3.83653,-0.0778568,-0.0121544
1725004741.055006551,3.85468,-0.0782981,-0.0121544
1725004741.075289700,3.87297,-0.0787433,-0.0121792
1725004741.085410390,3.89132,-0.0791878,-0.0120456
1725004741.115087412,3.90953,-0.0796291,-0.0121792
1725004741.135275177,3.93668,-0.0802762,-0.011645
1725004741.155470937,3.95463,-0.0806871,-0.0112443
1725004741.175304807,3.97265,-0.0810875,-0.0109771
1725004741.205316677,3.99048,-0.0814809,-0.011086
1725004741.215316222,4.00856,-0.0818747,-0.0106853
1725004741.245281503,4.02638,-0.0822674,-0.0113531
1725004741.265096427,4.04413,-0.0826753,-0.0116202
1725004741.285309370,4.06194,-0.0830918,-0.0117537
1725004741.305262972,4.07969,-0.0835091,-0.0117538
1725004741.325072224,4.09731,-0.0839281,-0.0120209
1725004741.345314004,4.12394,-0.0845683,-0.0120209
1725004741.375226852,4.14169,-0.0849952,-0.0120209
1725004741.385330058,4.15924,-0.0854149,-0.0118873
1725004741.405228623,4.17719,-0.0858393,-0.0117538
1725004741.435271464,4.19474,-0.0862496,-0.0116202
1725004741.455227841,4.21222,-0.0866654,-0.0121544
1725004741.475295954,4.23044,-0.0871155,-0.0125551
1725004741.495302538,4.24799,-0.0875587,-0.0126887
1725004741.515121551,4.26534,-0.0879992,-0.0126887
1725004741.535226716,4.28282,-0.0884476,-0.0129558
1725004741.555227088,4.30898,-0.0891291,-0.0130893
1725004741.575058754,4.32653,-0.0895864,-0.0129558
1725004741.595241889,4.34388,-0.0900361,-0.0129558
1725004741.615095077,4.36137,-0.0904986,-0.01349
1725004741.645341391,4.37885,-0.0909704,-0.01349
1725004741.665069797,4.3962,-0.0914387,-0.01349
1725004741.675095282,4.41362,-0.0919111,-0.0136236
1725004741.705327369,4.4311,-0.0923922,-0.0138907
1725004741.725306631,4.44885,-0.0928854,-0.0138907
1725004741.745310860,4.46667,-0.0933781,-0.0137571
1725004741.765099142,4.49309,-0.0941018,-0.0136236
1725004741.785310372,4.51064,-0.0945778,-0.01349
1725004741.805314703,4.52806,-0.0950455,-0.0133565
1725004741.835290142,4.54541,-0.0955045,-0.0130894
1725004741.845302973,4.56276,-0.0959635,-0.0133565
1725004741.875296969,4.58024,-0.0964307,-0.0133565
1725004741.895295799,4.59793,-0.0969055,-0.01349
1725004741.915138446,4.61567,-0.0973845,-0.01349
1725004741.935227480,4.63322,-0.0978605,-0.0136236
1725004741.955227111,4.65091,-0.09834,-0.01349
1725004741.975296827,4.6772,-0.0990461,-0.0133565
1725004741.995277923,4.69468,-0.0995132,-0.0133565
1725004742.015619095,4.71244,-0.0999882,-0.0133812
1725004742.045301849,4.73032,-0.100467,-0.0133812
1725004742.065098807,4.74814,-0.100946,-0.0135148
1725004742.075035601,4.76595,-0.101425,-0.0133812
1725004742.105337713,4.78364,-0.101896,-0.0132477
1725004742.125378134,4.80145,-0.102371,-0.0133812
1725004742.145394267,4.81913,-0.102842,-0.0132477
1725004742.165101011,4.83689,-0.103303,-0.0126887
1725004742.185338763,4.86365,-0.103996,-0.0132229
1725004742.205309106,4.88153,-0.104464,-0.0129558
1725004742.235255591,4.89915,-0.104921,-0.0129558
1725004742.245325141,4.9169,-0.105381,-0.0129558
1725004742.265498328,4.93451,-0.105838,-0.0129558
1725004742.295303799,4.95213,-0.10629,-0.0126887
1725004742.315072333,4.96988,-0.106745,-0.0129558
1725004742.335278874,4.9875,-0.107201,-0.0129558
1725004742.355248186,5.00538,-0.107665,-0.0129558
1725004742.375255321,5.02293,-0.108122,-0.0130893
1725004742.395250404,5.04922,-0.108814,-0.0132229
1725004742.415312906,5.06684,-0.10928,-0.0132229
1725004742.435285995,5.08425,-0.109743,-0.0133565
1725004742.465102749,5.10174,-0.110215,-0.0136236
1725004742.475229199,5.11909,-0.110683,-0.0133565
1725004742.505155735,5.13671,-0.111159,-0.0136236
1725004742.525291198,5.15439,-0.111638,-0.01349
1725004742.545322260,5.173,-0.112138,-0.0133565
1725004742.565367640,5.19081,-0.112612,-0.0132229
1725004742.585033304,5.20856,-0.113086,-0.01349
1725004742.605035901,5.23492,-0.113797,-0.01349
1725004742.635223972,5.2524,-0.114269,-0.01349
1725004742.645381923,5.27002,-0.114749,-0.0137571
1725004742.665045053,5.2877,-0.115238,-0.0138907
1725004742.695250178,5.30558,-0.11573,-0.0136236
1725004742.715421280,5.3234,-0.116218,-0.0137571
1725004742.735222668,5.34108,-0.116707,-0.0138907
1725004742.755219583,5.35876,-0.117196,-0.0137571
1725004742.775249503,5.37618,-0.117678,-0.0138907
1725004742.795252270,5.39359,-0.118164,-0.0140242
1725004742.815069688,5.41988,-0.118905,-0.0141578
1725004742.835286320,5.43763,-0.119408,-0.0141578
1725004742.865369208,5.45538,-0.119915,-0.0144249
1725004742.875257999,5.47306,-0.120428,-0.0145585
1725004742.905233900,5.49088,-0.120945,-0.0144249
1725004742.925299098,5.50856,-0.121457,-0.0145584
1725004742.945304530,5.52611,-0.121971,-0.014692
1725004742.965100958,5.5438,-0.122493,-0.0148503
1725004742.985294644,5.56168,-0.123025,-0.0148503
1725004743.005312179,5.57923,-0.123548,-0.0149839
1725004743.035286568,5.60591,-0.124338,-0.0145832
1725004743.045317343,5.62373,-0.12486,-0.0147168
1725004743.065414252,5.64154,-0.125377,-0.0143161
1725004743.095241286,5.65963,-0.125888,-0.0138907
1725004743.115007976,5.67751,-0.126385,-0.0138907
1725004743.135030111,5.69539,-0.126881,-0.0138907
1725004743.155387254,5.71321,-0.127365,-0.0132229
1725004743.175081604,5.73096,-0.127839,-0.01349
1725004743.195424088,5.7489,-0.128321,-0.0133565
1725004743.215073581,5.76685,-0.128798,-0.0132229
1725004743.235244103,5.79367,-0.129525,-0.0138907
1725004743.255318639,5.81162,-0.130026,-0.0140242
1725004743.275289123,5.82957,-0.130542,-0.014692
1725004743.305269654,5.84738,-0.131073,-0.0150927
1725004743.325315023,5.86539,-0.131621,-0.0153598
1725004743.335268930,5.88314,-0.132172,-0.0156269
1725004743.365090121,5.90095,-0.132731,-0.0157604
1725004743.385271474,5.91896,-0.133304,-0.0160275
1725004743.405317665,5.93704,-0.133881,-0.015894
1725004743.425330282,5.95525,-0.134467,-0.0162946
1725004743.445318691,5.98279,-0.135365,-0.0162946
1725004743.465404108,6.00133,-0.13597,-0.0162946
1725004743.495079467,6.01981,-0.136574,-0.0164282
1725004743.505301723,6.03835,-0.137189,-0.0166953
1725004743.535281001,6.05675,-0.137804,-0.0166953
1725004743.555226176,6.07523,-0.138423,-0.0168288
1725004743.575307806,6.09476,-0.139089,-0.0172295
1725004743.595743460,6.11376,-0.139736,-0.0168288
1725004743.615410087,6.1325,-0.14037,-0.0169624
1725004743.635245420,6.15137,-0.141013,-0.017096
1725004743.655238299,6.17958,-0.14197,-0.0168288
1725004743.675441693,6.19831,-0.142608,-0.0172295
1725004743.705207457,6.21685,-0.143243,-0.0169624
1725004743.725307483,6.23539,-0.143877,-0.0172295
1725004743.735244707,6.25406,-0.14452,-0.0172295
1725004743.765102259,6.27254,-0.14516,-0.017363
1725004743.785268543,6.29121,-0.145808,-0.017363
1725004743.805319783,6.30988,-0.146462,-0.0176301
1725004743.825323792,6.32855,-0.147116,-0.017363
1725004743.855277621,6.34735,-0.147769,-0.017363
1725004743.865076147,6.37544,-0.148768,-0.0181891
1725004743.895280480,6.39424,-0.149447,-0.017922
1725004743.905320293,6.41291,-0.150122,-0.0181891
1725004743.935250956,6.43165,-0.150806,-0.0183226
1725004743.955254014,6.45045,-0.151496,-0.0183226
1725004743.975254366,6.46925,-0.15218,-0.0180555
1725004743.995290949,6.48799,-0.152854,-0.017922
1725004744.025301677,6.50694,-0.153533,-0.0178972
1725004744.035256276,6.52581,-0.154207,-0.0177637
1725004744.055253171,6.54454,-0.15487,-0.0176301
1725004744.075296737,6.57288,-0.15587,-0.0176301
1725004744.105309901,6.59162,-0.156528,-0.0174966
1725004744.125338638,6.61049,-0.157186,-0.017363
1725004744.135053102,6.62922,-0.157845,-0.0177637
1725004744.165069761,6.64803,-0.158508,-0.0174966
1725004744.185408539,6.66683,-0.159166,-0.0174966
1725004744.205416455,6.6853,-0.159811,-0.017363
1725004744.225317135,6.70378,-0.160455,-0.0174966
1725004744.255098419,6.72212,-0.16109,-0.0170959
1725004744.265101191,6.74066,-0.161729,-0.017363
1725004744.295286837,6.7684,-0.162696,-0.0174966
1725004744.305071166,6.78687,-0.163345,-0.0176301
1725004744.325096497,6.80554,-0.164009,-0.0178972
1725004744.355232798,6.82415,-0.164678,-0.0180308
1725004744.375265583,6.84301,-0.165366,-0.0184314
1725004744.395288840,6.86162,-0.16605,-0.0182979
1725004744.415102410,6.88029,-0.166738,-0.018565
1725004744.435281198,6.89876,-0.167427,-0.0186985
1725004744.455251612,6.91729,-0.168131,-0.0192327
1725004744.475296992,6.93603,-0.168854,-0.0193662
1725004744.495225826,6.96397,-0.169952,-0.0199004
1725004744.525316829,6.98277,-0.170705,-0.0201675
1725004744.535237392,7.00143,-0.171459,-0.0201675
1725004744.565138889,7.02043,-0.172228,-0.020301
1725004744.585302367,7.03936,-0.173002,-0.0205681
1725004744.605313550,7.05882,-0.173798,-0.020301
1725004744.625319072,7.07769,-0.174572,-0.0207016
1725004744.645316910,7.09642,-0.175351,-0.0208352
1725004744.665107387,7.11502,-0.176124,-0.0207016
1725004744.695436892,7.13395,-0.176913,-0.0209687
1725004744.705406749,7.16235,-0.178109,-0.0211023
1725004744.725376883,7.18115,-0.178903,-0.0211023
1725004744.755182635,7.20036,-0.179714,-0.021127
1725004744.775253984,7.21935,-0.180525,-0.0215276
1725004744.795302409,7.23848,-0.181347,-0.0213941
1725004744.815379300,7.25741,-0.182152,-0.021127
1725004744.835267877,7.27647,-0.182958,-0.021127
1725004744.855248521,7.29547,-0.183759,-0.0209935
1725004744.875297999,7.31433,-0.184554,-0.021127
1725004744.895068377,7.33341,-0.18535,-0.0205681
1725004744.925363104,7.36207,-0.186534,-0.0207016
1725004744.935226676,7.38114,-0.187323,-0.0207016
1725004744.965077585,7.40033,-0.188119,-0.0207017
1725004744.985282923,7.4194,-0.188908,-0.0207016
1725004745.005307262,7.43859,-0.189693,-0.0201675
1725004745.025328905,7.45752,-0.190463,-0.0204346
1725004745.045267258,7.47652,-0.191237,-0.020301
1725004745.065152788,7.49565,-0.192017,-0.0204346
1725004745.085227154,7.51458,-0.192791,-0.0204346
1725004745.115099655,7.53378,-0.193576,-0.0204346
1725004745.125327952,7.56224,-0.194732,-0.0201675
1725004745.155044942,7.58111,-0.195501,-0.0205681
1725004745.165055308,7.59998,-0.19628,-0.0207016
1725004745.195376187,7.61844,-0.197048,-0.0208352
1725004745.215100775,7.63744,-0.197848,-0.0212358
1725004745.235099574,7.65644,-0.198658,-0.0213693
1725004745.255273222,7.67523,-0.199462,-0.0213693
1725004745.285300772,7.69436,-0.200282,-0.0215029
1725004745.295252124,7.71323,-0.201102,-0.0219035
1725004745.315402196,7.73202,-0.201926,-0.0219035
1725004745.335292556,7.76015,-0.203178,-0.0225712
1725004745.365075163,7.77888,-0.204031,-0.0229718
1725004745.385368853,7.79774,-0.204901,-0.0231053
1725004745.395072416,7.81654,-0.205775,-0.0233724
1725004745.425304401,7.83566,-0.206673,-0.0235059
1725004745.445276620,7.85459,-0.207558,-0.0232388
1725004745.465081304,7.87332,-0.208432,-0.0233724
1725004745.485178434,7.89238,-0.209318,-0.0231053
1725004745.515182159,7.91097,-0.210181,-0.0232388
1725004745.525279463,7.93003,-0.211067,-0.0232388
1725004745.555226017,7.95849,-0.212391,-0.0232388
1725004745.565074129,7.97728,-0.21327,-0.0235059
1725004745.595353557,7.99628,-0.214161,-0.0233724
1725004745.615172418,8.01527,-0.215047,-0.0232388
1725004745.635251173,8.03434,-0.21594,-0.0235306
1725004745.655290170,8.05433,-0.216881,-0.0235306
1725004745.685386855,8.07352,-0.21778,-0.0232636
1725004745.695368857,8.09244,-0.218661,-0.0232636
1725004745.715103765,8.11124,-0.219537,-0.0232636
1725004745.735289045,8.13037,-0.22042,-0.022863
1725004745.765134112,8.15884,-0.221714,-0.0225712
1725004745.785306728,8.17783,-0.22258,-0.0229718
1725004745.795278820,8.19709,-0.223463,-0.0228382
1725004745.825298205,8.21602,-0.224333,-0.0231053
1725004745.845308055,8.23501,-0.225214,-0.0232388
1725004745.865147186,8.254,-0.2261,-0.0233724
1725004745.885309481,8.2728,-0.226984,-0.0236394
1725004745.915110455,8.29185,-0.227886,-0.0236394
1725004745.925308293,8.31078,-0.228787,-0.0239065
1725004745.955222324,8.33004,-0.229706,-0.023773
1725004745.965047521,8.35869,-0.231081,-0.0241736
1725004745.985301133,8.37775,-0.232003,-0.0241736
1725004746.015078951,8.39654,-0.232917,-0.0244406
1725004746.035233742,8.41547,-0.233843,-0.0244406
1725004746.055293289,8.43432,-0.234773,-0.0248412
1725004746.075298780,8.45325,-0.235709,-0.0245741
1725004746.095245429,8.47231,-0.236647,-0.0245741
1725004746.115258777,8.4913,-0.237584,-0.0247077
1725004746.135307193,8.51029,-0.23852,-0.0245741
1725004746.155237700,8.52921,-0.239456,-0.0248412
1725004746.185377979,8.55753,-0.24088,-0.0253753
1725004746.195312839,8.57639,-0.24184,-0.0255088
1725004746.225074786,8.59531,-0.242812,-0.0257759
1725004746.245312939,8.61436,-0.2438,-0.0260429
1725004746.265117062,8.63335,-0.244782,-0.0256424
1725004746.285298534,8.65221,-0.245748,-0.0255088
1725004746.305303896,8.6712,-0.246725,-0.0259094
1725004746.325312966,8.69032,-0.247709,-0.0255088
1725004746.355234371,8.70911,-0.248669,-0.0255088
1725004746.375303386,8.7281,-0.249636,-0.0253753
1725004746.385343439,8.75635,-0.251045,-0.0244406
1725004746.415123462,8.77508,-0.251954,-0.02404
1725004746.435262673,8.79401,-0.252854,-0.0235059
1725004746.455294497,8.81313,-0.253741,-0.0228382
1725004746.475298857,8.83206,-0.254586,-0.02177
1725004746.495251036,8.85106,-0.255396,-0.0208352
1725004746.515101669,8.87013,-0.256177,-0.0200587
1725004746.545025529,8.88926,-0.256927,-0.0191239
1725004746.555225241,8.90807,-0.257626,-0.0180555
1725004746.585298891,8.92674,-0.258281,-0.0169872
1725004746.595317733,8.95475,-0.259184,-0.015251
1725004746.625313292,8.97335,-0.259735,-0.0143161
1725004746.645311711,8.99184,-0.260241,-0.0130894
1725004746.665323596,9.01012,-0.2607,-0.0120209
1725004746.685365549,9.02946,-0.26114,-0.0106853
1725004746.705351012,9.04768,-0.261512,-0.00975035
1725004746.725475495,9.06576,-0.261843,-0.00854828
1725004746.755254876,9.08391,-0.262139,-0.00774692
1725004746.775250018,9.102,-0.262397,-0.00654482
1725004746.785223343,9.12015,-0.262611,-0.00520913
1725004746.815149307,9.14744,-0.262844,-0.0033392
1725004746.835224043,9.16573,-0.262942,-0.00200353
1725004746.855283630,9.18381,-0.262992,-0.000801417
1725004746.875297068,9.20163,-0.262999,0.000400708
1725004746.895277572,9.21939,-0.262966,0.00146926
1725004746.915115580,9.23714,-0.26289,0.00280493
1725004746.945060561,9.25483,-0.26277,0.00400704
1725004746.955059825,9.27258,-0.262599,0.00560985
1725004746.975154671,9.29054,-0.262381,0.00654481
1725004746.995230689,9.30875,-0.262125,0.00747977
1725004747.025273089,9.33578,-0.261663,0.00961679
1725004747.045307708,9.3536,-0.261309,0.0102846
1725004747.055093108,9.37161,-0.260919,0.0113531
1725004747.085330695,9.38936,-0.260506,0.0118873
1725004747.105231786,9.40725,-0.260067,0.0126887
1725004747.125230174,9.42519,-0.259604,0.0130893
1725004747.145053584,9.44314,-0.259127,0.01349
1725004747.175293496,9.46109,-0.258621,0.014692
1725004747.185279445,9.47884,-0.25809,0.0152262
1725004747.215048595,9.49691,-0.257522,0.0161611
1725004747.225310608,9.52386,-0.25664,0.0165617
1725004747.255306838,9.54181,-0.256028,0.0174966
1725004747.275298875,9.55968,-0.255393,0.0180308
1725004747.295038233,9.57762,-0.254729,0.0189656
1725004747.315149580,9.59563,-0.254041,0.0192327
1725004747.345057639,9.61357,-0.253333,0.0201675
1725004747.355284044,9.63157,-0.252597,0.0207016
1725004747.375039492,9.64964,-0.251841,0.0211023
1725004747.395232016,9.66758,-0.251072,0.02177
1725004747.425273564,9.68552,-0.250278,0.0224377
1725004747.445296410,9.71273,-0.249031,0.0233476
1725004747.455051532,9.7308,-0.248175,0.0240153
1725004747.485291394,9.74866,-0.247311,0.0242823
1725004747.505272729,9.76686,-0.246415,0.02495
1725004747.525301937,9.78486,-0.245506,0.0254841
1725004747.545312249,9.80293,-0.244571,0.0261764
1725004747.575294182,9.82119,-0.243605,0.0267105
1725004747.585275371,9.83932,-0.242626,0.0272446
1725004747.615137461,9.85751,-0.241616,0.0281792
1725004747.635029234,9.8755,-0.240596,0.0284463
1725004747.655272346,9.90242,-0.23903,0.0296479
1725004747.675292536,9.9206,-0.237929,0.0308494
1725004747.695259184,9.93852,-0.23681,0.031517
1725004747.715290205,9.95664,-0.235666,0.031517
1725004747.745457236,9.97482,-0.234516,0.0316504
1725004747.755362028,9.9928,-0.233366,0.0321845
1725004747.775256455,10.0118,-0.23213,0.0328519
1725004747.795252219,10.0298,-0.23094,0.0329854
1725004747.815221201,10.0479,-0.22974,0.0333859
1725004747.845309117,10.0657,-0.228553,0.0332524
1725004747.855246572,10.0927,-0.226741,0.0336529
1725004747.885072162,10.1105,-0.225533,0.0339199
1725004747.905312698,10.1286,-0.22431,0.0337864
1725004747.925299836,10.1464,-0.223092,0.0343204
1725004747.945271503,10.1646,-0.221845,0.0341869
1725004747.965087679,10.1828,-0.220597,0.0343204
1725004747.985033295,10.2006,-0.21937,0.0343204
1725004748.015163013,10.2186,-0.218134,0.0343204
1725004748.035226387,10.2364,-0.216919,0.0339199
1725004748.045037628,10.2541,-0.215715,0.0339199
1725004748.075246309,10.2807,-0.213894,0.0343204
1725004748.095238436,10.2984,-0.212683,0.0341869
1725004748.115168562,10.3164,-0.211447,0.0344539
1725004748.135284247,10.3343,-0.210206,0.0344539
1725004748.155217951,10.3521,-0.208976,0.0345873
1725004748.175227672,10.3703,-0.207719,0.0344539
1725004748.205048944,10.3884,-0.206464,0.0347208
1725004748.215352777,10.4062,-0.20522,0.0351213
1725004748.245322416,10.4243,-0.203939,0.0352548
1725004748.255329756,10.4422,-0.202673,0.0355218
1725004748.285049462,10.4692,-0.200732,0.0361892
1725004748.305307212,10.4871,-0.199438,0.0361892
1725004748.325317633,10.5047,-0.198156,0.0363227
1725004748.345269502,10.5224,-0.196867,0.0363227
1725004748.365185822,10.5401,-0.195578,0.0363227
1725004748.385273854,10.5582,-0.194255,0.0365649
1725004748.415203375,10.5762,-0.192943,0.0362979
1725004748.435252402,10.5943,-0.191626,0.0362979
1725004748.445231727,10.6123,-0.190314,0.0365649
1725004748.475270120,10.6301,-0.189005,0.0365896
1725004748.495227389,10.6569,-0.187025,0.037257
1725004748.515269130,10.6745,-0.185701,0.0376574
1725004748.535248412,10.6926,-0.184337,0.0377909
1725004748.555223025,10.7103,-0.182989,0.0379244
1725004748.575230902,10.7278,-0.181661,0.0377909
1725004748.605226191,10.7455,-0.180322,0.0379244
1725004748.615278448,10.7632,-0.178986,0.0373905
1725004748.645326057,10.7807,-0.177681,0.03699
1725004748.655226370,10.7985,-0.176375,0.0363227
1725004748.685225556,10.8164,-0.175074,0.0361892
1725004748.705347683,10.8433,-0.173126,0.0359222
1725004748.715397636,10.8612,-0.17184,0.0357887
1725004748.745392484,10.8793,-0.170544,0.0359222
1725004748.765419467,10.897,-0.169274,0.0356552
1725004748.785268267,10.9147,-0.168004,0.0359222
1725004748.805318395,10.9331,-0.166674,0.0360557
1725004748.835238478,10.9508,-0.16539,0.0363227
1725004748.845028278,10.9684,-0.164096,0.0371235
1725004748.875046811,10.9861,-0.162777,0.0375239
1725004748.895290023,11.0036,-0.161458,0.0376574
1725004748.915290907,11.03,-0.159449,0.0381913
1725004748.935099788,11.0476,-0.158102,0.0380578
1725004748.955016839,11.0653,-0.156751,0.0380578
1725004748.975227068,11.0832,-0.155383,0.0381913
1725004749.005265519,11.1009,-0.154031,0.0383248
1725004749.015051100,11.1188,-0.152658,0.0381913
1725004749.035046392,11.1365,-0.151303,0.0381913
1725004749.065316824,11.1541,-0.14995,0.0383248
1725004749.085230649,11.1717,-0.148593,0.0384582
1725004749.105299774,11.1894,-0.147228,0.0384583
1725004749.115033374,11.2156,-0.145212,0.0384582
1725004749.145339934,11.233,-0.143863,0.0387252
1725004749.165229904,11.2507,-0.142492,0.0388587
1725004749.185326963,11.2682,-0.141123,0.0388586
1725004749.205224607,11.2858,-0.139755,0.0388587
1725004749.235409182,11.3034,-0.138381,0.0391256
1725004749.245438384,11.321,-0.137008,0.0388586
1725004749.275203848,11.3384,-0.135655,0.0385917
1725004749.295232565,11.3558,-0.134301,0.0388587
1725004749.315301801,11.3733,-0.132935,0.0389921
1725004749.335251745,11.4006,-0.130815,0.0387004
1725004749.355222621,11.4173,-0.129514,0.0387004
1725004749.375220499,11.435,-0.128139,0.0391008
1725004749.405303557,11.4526,-0.126757,0.0389921
1725004749.415307491,11.4702,-0.125384,0.0389921
1725004749.435249360,11.4878,-0.124003,0.0391256
1725004749.465314894,11.5055,-0.122615,0.0391256
1725004749.485279678,11.5232,-0.12123,0.039259
1725004749.505351227,11.5409,-0.119829,0.0393925
1725004749.515085960,11.5587,-0.118424,0.039526
1725004749.545321635,11.5851,-0.116331,0.039526
1725004749.565295685,11.6029,-0.11492,0.0396595
1725004749.585278033,11.6206,-0.113518,0.0393925
1725004749.605053932,11.6383,-0.112113,0.039526
1725004749.625207691,11.6563,-0.110684,0.0397929
1725004749.645303498,11.6743,-0.109256,0.039526
1725004749.675069833,11.6922,-0.10784,0.0393925
1725004749.695321001,11.7102,-0.106424,0.0389921
1725004749.705083397,11.728,-0.105038,0.0388587
1725004749.735332095,11.746,-0.10364,0.0384582
1725004749.755302089,11.7731,-0.101558,0.0380578
1725004749.775057688,11.7914,-0.100165,0.0379244
1725004749.795290430,11.8097,-0.0987765,0.0377909
1725004749.815288748,11.828,-0.0973929,0.0376574
1725004749.835250606,11.8475,-0.0959246,0.0375239
1725004749.865076126,11.8661,-0.0945359,0.0371235
1725004749.875279465,11.8847,-0.0931571,0.03699
1725004749.905310433,11.9035,-0.0917638,0.0368566
1725004749.915265692,11.9222,-0.0903828,0.0365896
1725004749.945366295,11.9412,-0.0889949,0.0364561
1725004749.965280851,11.9698,-0.0869095,0.0364561
1725004749.985233862,11.9887,-0.085534,0.0361892
1725004750.005316393,12.0076,-0.0841561,0.0363227
1725004750.025069677,12.0266,-0.0827761,0.0360557
1725004750.045307107,12.0457,-0.0814062,0.0357887
1725004750.075255275,12.0646,-0.0800458,0.0360557
1725004750.095284494,12.0835,-0.0786831,0.0356552
1725004750.105283547,12.1027,-0.0773191,0.0353883
1725004750.135252785,12.1217,-0.0759644,0.0356552
1725004750.155034144,12.1408,-0.0746076,0.0352548
1725004750.175292556,12.1696,-0.0725799,0.0349878
1725004750.195314991,12.1888,-0.0712312,0.0352548
1725004750.215279064,12.208,-0.069877,0.03523
1725004750.235358047,12.2271,-0.0685364,0.0348296
1725004750.265376962,12.2462,-0.0672061,0.0346961
1725004750.275416946,12.2654,-0.0658737,0.0346961
1725004750.305319124,12.2844,-0.0645492,0.0347208
1725004750.315226751,12.3036,-0.0632087,0.0348543
1725004750.345277858,12.3227,-0.0618723,0.0349878
1725004750.365295223,12.3418,-0.0605379,0.0349878
1725004750.375314606,12.3706,-0.0585256,0.0347208
1725004750.405309794,12.3899,-0.0571831,0.0347208
1725004750.425300508,12.409,-0.0558467,0.0351213
1725004750.445319366,12.4281,-0.0545031,0.0348543
1725004750.465318476,12.4473,-0.0531646,0.0348543
1725004750.495275561,12.4664,-0.0518282,0.0349878
1725004750.505274955,12.4853,-0.0505032,0.0349878
1725004750.535109823,12.5048,-0.0491443,0.0345873
1725004750.555044559,12.5237,-0.0478344,0.0345874
1725004750.575283543,12.5428,-0.0465184,0.0341869
1725004750.595048931,12.5714,-0.0445619,0.0340534
1725004750.615073230,12.5904,-0.0432753,0.0336529
1725004750.635227750,12.6093,-0.0420058,0.0333859
1725004750.665262755,12.6284,-0.0407256,0.0335194
1725004750.675197144,12.6474,-0.0394523,0.0332524
1725004750.695041695,12.6664,-0.038191,0.0331189
1725004750.725321004,12.6856,-0.036914,0.0333859
1725004750.745386953,12.7044,-0.0356615,0.0329854
1725004750.765368940,12.7234,-0.0344104,0.0328519
1725004750.775036512,12.7424,-0.0331574,0.0328519
1725004750.805073942,12.771,-0.0312703,0.0331189
1725004750.825308918,12.79,-0.0300123,0.0328519
1725004750.845306636,12.8091,-0.0287492,0.0333859
1725004750.865303571,12.8283,-0.0274652,0.0332524
1725004750.895284843,12.8473,-0.0261988,0.0333859
1725004750.905303725,12.8673,-0.0248619,0.0332524
1725004750.935037938,12.8863,-0.0235956,0.0333859
1725004750.955225403,12.9052,-0.0223311,0.0333859
1725004750.975248299,12.9244,-0.0210438,0.0336529
1725004750.995300701,12.9433,-0.0197642,0.0339199
1725004751.015041131,12.9719,-0.0178155,0.0340534
1725004751.035232964,12.9909,-0.0165218,0.0337864
1725004751.065296505,13.0098,-0.0152372,0.0340534
1725004751.075298284,13.0289,-0.0139314,0.0341869
1725004751.095252898,13.048,-0.0126272,0.0341621
1725004751.125323663,13.067,-0.0113193,0.0344291
1725004751.145301772,13.0862,-0.00998998,0.0345626
1725004751.165306212,13.1053,-0.00866473,0.0346961
1725004751.175246022,13.1246,-0.0073187,0.0351213
1725004751.205311676,13.1435,-0.00598142,0.0352548
1725004751.225312459,13.1718,-0.00397581,0.0355218
1725004751.245350655,13.1911,-0.00260961,0.0353883
1725004751.265356769,13.2102,-0.0012477,0.0357887
1725004751.285455692,13.2294,0.00012877,0.0356552
1725004751.305225648,13.2485,0.00149068,0.0355218
1725004751.335142575,13.2678,0.00287144,0.0356552
1725004751.355434702,13.2869,0.00423118,0.0356552
1725004751.365336007,13.3058,0.00558366,0.0355218
1725004751.395278333,13.3251,0.00696228,0.0357887
1725004751.415247956,13.3441,0.00831984,0.0356552
1725004751.435224543,13.3726,0.0103509,0.0355217
1725004751.455286895,13.3916,0.0117005,0.0352548
1725004751.475275926,13.4105,0.0130335,0.0353883
1725004751.495251691,13.4294,0.0143636,0.0348543
1725004751.525095426,13.4485,0.015702,0.0348543
1725004751.535285249,13.4674,0.017025,0.0352548
1725004751.565310125,13.4865,0.0183737,0.0349878
1725004751.575250726,13.5056,0.0197152,0.0351213
1725004751.605582495,13.5245,0.0210381,0.0349878
1725004751.625304549,13.5434,0.0223653,0.0348543
1725004751.645297217,13.572,0.0243599,0.0347208
1725004751.665303140,13.591,0.0256871,0.0351213
1725004751.685290537,13.6102,0.0270306,0.0348543
1725004751.705315276,13.6293,0.0283619,0.0347208
1725004751.735352326,13.6484,0.0296881,0.0345874
1725004751.755357006,13.6672,0.0309909,0.0344539
1725004751.765468688,13.6864,0.0323089,0.0341869
1725004751.795388591,13.7052,0.0336017,0.0343204
1725004751.815084935,13.7242,0.0349086,0.0344538
1725004751.835288290,13.7433,0.0362265,0.0341869
1725004751.855279024,13.7718,0.0381815,0.0343204
1725004751.875276631,13.791,0.0394893,0.0337864
1725004751.895287504,13.8101,0.0407798,0.0336529
1725004751.925301489,13.8291,0.042053,0.033119
1725004751.935288870,13.8491,0.0433776,0.033119
1725004751.965312694,13.8684,0.0446516,0.0329607
1725004751.985300802,13.8875,0.0459174,0.0329607
1725004752.005302758,13.9066,0.0471695,0.0326937
1725004752.025306236,13.9257,0.0484302,0.0329607
1725004752.045316768,13.9449,0.0496973,0.0329854
1725004752.065058009,13.9737,0.0515859,0.032585
1725004752.085271935,13.9928,0.0528425,0.0328519
1725004752.105303287,14.0121,0.054111,0.0329854
1725004752.135224031,14.0313,0.0553796,0.0328519
1725004752.155278247,14.0506,0.056643,0.0327185
1725004752.165230200,14.0697,0.0578978,0.032852
1725004752.195264515,14.0889,0.0591612,0.0327185
1725004752.215223006,14.1078,0.0604004,0.0327184
1725004752.235292462,14.1268,0.0616534,0.0329855
1725004752.255317824,14.146,0.0629081,0.0325849
1725004752.275317325,14.1747,0.0647891,0.0327185
1725004752.295390888,14.1937,0.0660301,0.032585
1725004752.325502571,14.2129,0.0672935,0.0329854
1725004752.335295376,14.232,0.0685516,0.0329854
1725004752.355190385,14.2511,0.0698165,0.0331189
1725004752.385272602,14.2704,0.0711024,0.0333859
1725004752.405266812,14.2894,0.0723756,0.0333859
1725004752.425320687,14.3084,0.073654,0.0336529
1725004752.435102301,14.3276,0.0749464,0.0336529
1725004752.465318377,14.3465,0.076226,0.0339199
1725004752.485295294,14.3751,0.0781595,0.0335194
1725004752.505308872,14.3943,0.0794519,0.0337864
1725004752.525314314,14.4136,0.0807583,0.0337864
1725004752.555047265,14.4329,0.0820596,0.0335194
1725004752.565299589,14.4522,0.0833558,0.0335194
1725004752.595265190,14.4717,0.0846678,0.0336529
1725004752.615299067,14.4911,0.085978,0.0336529
1725004752.635287977,14.5106,0.0872901,0.0335194
1725004752.655276767,14.5301,0.0885899,0.0332524
1725004752.675223456,14.5496,0.0898986,0.0335194
1725004752.695288774,14.5793,0.0918793,0.0332524
1725004752.725315993,14.5991,0.0932003,0.0332524
1725004752.735285460,14.619,0.0945302,0.0332525
1725004752.755406286,14.6393,0.0958722,0.0329855
1725004752.785403449,14.6594,0.0972072,0.033119
1725004752.805306603,14.6798,0.0985635,0.0333859
1725004752.825309200,14.7002,0.0999327,0.0334947
1725004752.835079822,14.7208,0.101315,0.0336282
1725004752.865318190,14.7412,0.102694,0.0337617
1725004752.885265721,14.7615,0.104064,0.0336282
1725004752.905305499,14.7921,0.106131,0.0339199
1725004752.925299038,14.8124,0.10752,0.0341869
1725004752.955301310,14.8326,0.108898,0.0340534
1725004752.965305755,14.8531,0.110301,0.0343204
1725004752.995249162,14.8743,0.111757,0.0341869
1725004753.015250497,14.8948,0.11316,0.0341869
1725004753.035286298,14.915,0.114551,0.0344539
1725004753.055293464,14.9354,0.115964,0.0345874
1725004753.075250592,14.9556,0.117369,0.0349878
1725004753.095252296,14.976,0.118803,0.0351213
1725004753.115291515,15.0062,0.120924,0.0349878
1725004753.135280715,15.0264,0.122342,0.0349878
1725004753.155227252,15.0466,0.123758,0.0351213
1725004753.185227300,15.0669,0.125183,0.0349878
1725004753.205305794,15.0868,0.126582,0.0349878
1725004753.225301908,15.1071,0.128007,0.0351213
1725004753.245315877,15.1271,0.129412,0.0351213
1725004753.265104099,15.1473,0.13084,0.0353883
1725004753.285362971,15.1675,0.132267,0.0352548
1725004753.305404703,15.1876,0.133693,0.0353883
1725004753.325435836,15.2179,0.135831,0.0351213
1725004753.345050642,15.2383,0.137266,0.0349878
1725004753.365309624,15.2583,0.138672,0.0351213
1725004753.395241290,15.2787,0.140105,0.0351213
1725004753.415290617,15.2988,0.14152,0.0349878
1725004753.425072140,15.3192,0.142953,0.0352548
1725004753.455283356,15.3394,0.144381,0.0352548
1725004753.475291183,15.3596,0.145804,0.0349878
1725004753.495293740,15.3798,0.14722,0.0351213
1725004753.515392412,15.3999,0.148629,0.0348543
1725004753.535273754,15.4301,0.150742,0.0348543
1725004753.555279918,15.4505,0.152164,0.0348543
1725004753.585269085,15.4708,0.153578,0.0347208
1725004753.595057421,15.4909,0.154972,0.0343204
1725004753.625309827,15.5114,0.156385,0.0347208
1725004753.645332643,15.5316,0.157787,0.0344291
1725004753.665316083,15.552,0.159193,0.0342956
1725004753.685299232,15.5723,0.160584,0.0341621
1725004753.705310686,15.5928,0.161987,0.0341621
1725004753.725316999,15.6132,0.163382,0.0341869
1725004753.745316810,15.6437,0.165481,0.0344539
1725004753.765310651,15.664,0.166879,0.0343204
1725004753.795272564,15.6846,0.168295,0.0344539
1725004753.815403559,15.7049,0.169706,0.0347208
1725004753.825388546,15.7254,0.171126,0.0344539
1725004753.855234415,15.7459,0.172546,0.0347208
1725004753.875242382,15.7663,0.173964,0.0345873
1725004753.895277753,15.7867,0.175376,0.0344539
1725004753.915303715,15.8071,0.176781,0.0344539
1725004753.945314803,15.8275,0.178181,0.0341869
1725004753.955231298,15.8581,0.180281,0.0343204
1725004753.985276032,15.8783,0.181672,0.0343204
1725004753.995307619,15.8986,0.18307,0.0344539
1725004754.015274867,15.9187,0.184452,0.0341869
1725004754.045299632,15.9399,0.185915,0.0344539
1725004754.065272200,15.9603,0.187315,0.0341869
1725004754.085304976,15.9807,0.188716,0.0343204
1725004754.095081780,16.0011,0.190111,0.0340534
1725004754.125325509,16.0214,0.191492,0.0339199
1725004754.145302135,16.0417,0.19287,0.0336529
1725004754.165317848,16.0721,0.194929,0.0339199
1725004754.185305576,16.0926,0.196321,0.0339199
1725004754.215299912,16.113,0.197704,0.0339199
1725004754.225328734,16.1334,0.199095,0.0340534
1725004754.255401973,16.1536,0.200462,0.0336529
1725004754.275288055,16.174,0.201842,0.0337864
1725004754.295341590,16.1942,0.203201,0.0332524
1725004754.315384875,16.2146,0.204551,0.0329855
1725004754.335209497,16.2349,0.205901,0.0333859
1725004754.355232504,16.2552,0.207251,0.0328519
1725004754.385301705,16.2858,0.209269,0.0331189
1725004754.395217448,16.3061,0.210626,0.0333859
1725004754.415268598,16.3264,0.211973,0.0331189
1725004754.445298724,16.3468,0.213331,0.0332524
1725004754.465309457,16.3672,0.214695,0.0333612
1725004754.485310009,16.3879,0.216069,0.0329607
1725004754.505319129,16.4085,0.217441,0.0336282
1725004754.525318989,16.4291,0.21883,0.0336282
1725004754.545274996,16.4495,0.220216,0.0340534
1725004754.565321166,16.4702,0.221623,0.0340534
1725004754.585299727,16.5006,0.223713,0.0345874
1725004754.615244268,16.5211,0.225133,0.0345874
1725004754.625311143,16.5415,0.226551,0.0347208
1725004754.655086365,16.5621,0.227985,0.0347208
1725004754.675286344,16.5824,0.229402,0.0347208
1725004754.695215238,16.6029,0.230827,0.0347208
1725004754.715294914,16.6234,0.232252,0.0347208
1725004754.735227575,16.644,0.233679,0.0345874
1725004754.755251613,16.6643,0.23509,0.0345874
1725004754.785335363,16.6848,0.236497,0.0341869
1725004754.795285593,16.715,0.238562,0.0339199
1725004754.815333837,16.7351,0.239923,0.0336529
1725004754.845430551,16.7553,0.241274,0.0332524
1725004754.865229063,16.7755,0.242621,0.0332524
1725004754.885306755,16.7958,0.24397,0.0331189
1725004754.905312397,16.816,0.245307,0.0328519
1725004754.925306628,16.8363,0.246633,0.032585
1725004754.945300628,16.8563,0.247932,0.0321845
1725004754.965317333,16.8762,0.249207,0.031784
1725004754.985300231,16.8962,0.250485,0.0319175
1725004755.005180812,16.9263,0.252413,0.032051
1725004755.025305504,16.9465,0.253699,0.0316505
1725004755.055250265,16.9668,0.254989,0.031784
1725004755.075296687,16.9868,0.256256,0.0313834
1725004755.085100914,17.0082,0.257597,0.0311164
1725004755.115096242,17.0283,0.258843,0.0309829
1725004755.135237287,17.0483,0.260084,0.0308495
1725004755.155249282,17.0687,0.261343,0.0307159
1725004755.175277638,17.089,0.262588,0.0307159
1725004755.195216161,17.1093,0.263836,0.0304489
1725004755.215229168,17.1399,0.26569,0.0301819
1725004755.245051511,17.1602,0.26692,0.0303154
1725004755.255295459,17.1806,0.268151,0.0300484
1725004755.285332198,17.2011,0.269385,0.0300237
1725004755.305335667,17.2214,0.270605,0.0297566
1725004755.325050607,17.2417,0.271817,0.0298901
1725004755.345445513,17.2622,0.273038,0.0297566
1725004755.365294843,17.2826,0.274253,0.0297814
1725004755.385056523,17.3028,0.27546,0.0297814
1725004755.405300667,17.323,0.276671,0.0301819
1725004755.425319024,17.3536,0.278509,0.0297814
1725004755.455278985,17.3738,0.279704,0.0293808
1725004755.475293975,17.3942,0.280909,0.0295143
1725004755.485308559,17.4144,0.2821,0.0292473
1725004755.515283768,17.435,0.283308,0.0293808
1725004755.535039918,17.4554,0.284513,0.0295144
1725004755.555256539,17.477,0.285787,0.0295144
1725004755.575349680,17.4965,0.286943,0.0296479
1725004755.605042013,17.517,0.28816,0.0296479
1725004755.615205145,17.5372,0.289362,0.0296479
1725004755.645233818,17.5681,0.291183,0.0293808
1725004755.655294441,17.5884,0.292387,0.0296479
1725004755.685305559,17.6087,0.293589,0.0296479
1725004755.705301854,17.6292,0.294813,0.0297814
1725004755.725276015,17.6495,0.296009,0.0292473
1725004755.745323489,17.6695,0.297185,0.0293808
1725004755.765338210,17.6898,0.298372,0.0289803
1725004755.785323513,17.7099,0.299527,0.0285798
1725004755.805367249,17.7302,0.300692,0.0285798
1725004755.825373904,17.7503,0.301843,0.0285798
1725004755.845391450,17.7806,0.303561,0.0280457
1725004755.875284850,17.801,0.304705,0.0280457
1725004755.885282241,17.8214,0.305843,0.0277787
1725004755.915175062,17.8417,0.306976,0.0279122
1725004755.935279626,17.8621,0.308115,0.0277787
1725004755.955297332,17.8823,0.30924,0.0279122
1725004755.975069553,17.9027,0.31038,0.0277787
1725004755.995054435,17.9228,0.311493,0.0275117
1725004756.015260295,17.9433,0.312616,0.0273781
1725004756.045300089,17.9635,0.313726,0.0273781
1725004756.055293202,17.994,0.315385,0.0269776
1725004756.075080882,18.0144,0.316491,0.0272446
1725004756.105320864,18.0349,0.317604,0.0269528
1725004756.125299524,18.0554,0.318705,0.0268193
1725004756.145308975,18.0767,0.319849,0.0268193
1725004756.165296392,18.0969,0.32093,0.0265523
1725004756.185321853,18.1172,0.322008,0.026577
1725004756.205295544,18.1374,0.323079,0.02631
1725004756.225318769,18.1576,0.324146,0.02631
1725004756.245308762,18.178,0.325213,0.0261764
1725004756.275294903,18.2085,0.326823,0.0264435
1725004756.285321260,18.229,0.327909,0.0264435
1725004756.315267544,18.2497,0.329001,0.0264435
1725004756.335402105,18.27,0.33008,0.0264435
1725004756.355411976,18.2906,0.331167,0.02631
1725004756.375301304,18.3109,0.332233,0.02631
1725004756.395024711,18.3312,0.333307,0.02631
1725004756.415296238,18.3516,0.334374,0.0261764
1725004756.445312677,18.3718,0.335435,0.0261764
1725004756.455279038,18.3921,0.336496,0.0260429
1725004756.475254161,18.4224,0.338076,0.0260429
1725004756.505342911,18.4427,0.339132,0.0260429
1725004756.525305580,18.463,0.340194,0.0260429
1725004756.545317404,18.4832,0.341244,0.0259094
1725004756.565299411,18.5035,0.342299,0.0261764
1725004756.585227294,18.5236,0.343348,0.0259094
1725004756.605309344,18.5437,0.344386,0.0255088
1725004756.625313974,18.5638,0.345418,0.0259094
1725004756.645140009,18.5841,0.346464,0.0255088
1725004756.665293759,18.6044,0.347504,0.0256424
1725004756.685268041,18.6352,0.349087,0.0257759
1725004756.715273699,18.6555,0.350138,0.0259094
1725004756.735282378,18.6759,0.351196,0.0257759
1725004756.745299096,18.6961,0.35224,0.0259094
1725004756.775275157,18.7162,0.353283,0.0259094
1725004756.795330496,18.7363,0.35432,0.0257759
1725004756.815382027,18.7565,0.355359,0.0256424
1725004756.835353704,18.7768,0.356404,0.0257759
1725004756.865375644,18.7971,0.357444,0.0253753
1725004756.875395809,18.8173,0.358478,0.0256424
1725004756.905089784,18.848,0.360055,0.0257759
1725004756.915052629,18.8682,0.361094,0.0254841
1725004756.945306106,18.8886,0.362134,0.0254841
1725004756.965327410,18.909,0.363174,0.0254841
1725004756.985055726,18.9293,0.364207,0.0253506
1725004757.005320189,18.9497,0.365249,0.0255088
1725004757.035286712,18.9701,0.366284,0.0252418
1725004757.045301156,18.9905,0.367325,0.0257759
1725004757.065053739,19.0111,0.368384,0.0256424
1725004757.085136370,19.0315,0.369436,0.0257759
1725004757.115284925,19.0624,0.371026,0.0256424
1725004757.135286389,19.0831,0.372091,0.0259094
1725004757.145312977,19.1035,0.373155,0.0260429
1725004757.175272847,19.125,0.37429,0.0267105
1725004757.195254113,19.1458,0.375401,0.0267105
1725004757.215299342,19.1664,0.376504,0.0268441
1725004757.235287110,19.1871,0.377631,0.0275116
1725004757.265291325,19.2076,0.378767,0.0276452
1725004757.275249811,19.2283,0.37992,0.0281792
1725004757.305493560,19.249,0.381098,0.0284463
1725004757.315301384,19.2801,0.382885,0.0289803
1725004757.345342140,19.3012,0.384118,0.0293809
1725004757.365269722,19.3222,0.385365,0.0300484
1725004757.385310873,19.3433,0.386643,0.0304489
1725004757.405316416,19.3642,0.387923,0.0307159
1725004757.435242681,19.3854,0.389243,0.0313835
1725004757.445262285,19.4069,0.390608,0.032051
1725004757.465231456,19.4286,0.392019,0.0327184
1725004757.485277868,19.4506,0.393464,0.0329854
1725004757.515289038,19.4726,0.394939,0.0339199
1725004757.535289951,19.5055,0.397184,0.0343204
1725004757.545282442,19.5275,0.398707,0.0347208
1725004757.575273161,19.5496,0.400256,0.0351213
1725004757.595526613,19.5717,0.401809,0.0351213
1725004757.615280228,19.594,0.403399,0.0359222
1725004757.635285540,19.6165,0.405016,0.0359222
1725004757.655213321,19.6389,0.40664,0.0361892
1725004757.675027574,19.6612,0.408263,0.0365896
1725004757.705267997,19.6837,0.409924,0.03699
1725004757.715289314,19.7063,0.411592,0.0368318
1725004757.735111141,19.74,0.414079,0.0368318
1725004757.765317447,19.7623,0.415739,0.0375239
1725004757.785299154,19.7845,0.41741,0.0373905
1725004757.805324275,19.807,0.419108,0.0377909
1725004757.825327202,19.8292,0.420793,0.0381913
1725004757.845091567,19.8518,0.42253,0.0383248
1725004757.865413843,19.874,0.424247,0.0388587
1725004757.885460746,19.8966,0.426001,0.0385917
1725004757.905309204,19.9189,0.427731,0.0389921
1725004757.935245118,19.9411,0.429468,0.0388587
1725004757.945025159,19.9742,0.432041,0.0387252
1725004757.975240432,19.996,0.43372,0.0383248
1725004757.995257156,20.0174,0.435369,0.0385917
1725004758.015299370,20.0387,0.437023,0.0387252
1725004758.035264794,20.0602,0.438692,0.0388587
1725004758.055281468,20.0814,0.440352,0.0392591
1725004758.075300016,20.1026,0.442017,0.0391256
1725004758.105297859,20.1237,0.443675,0.0391256
1725004758.115294589,20.145,0.445332,0.0385917
1725004758.135277407,20.166,0.446965,0.0387252
1725004758.165328522,20.1975,0.449389,0.0380578
1725004758.185298877,20.2187,0.451002,0.0380578
1725004758.205305601,20.2398,0.452612,0.0381913
1725004758.225293620,20.261,0.454238,0.0383248
1725004758.245315204,20.2832,0.455943,0.0383248
1725004758.265296869,20.3045,0.457579,0.0381913
1725004758.295273472,20.3256,0.459203,0.0384582
1725004758.305316602,20.3468,0.460846,0.0388587
1725004758.335312111,20.368,0.462509,0.0396595
1725004758.345331474,20.3892,0.464206,0.0399264
1725004758.375376418,20.4206,0.466729,0.0403268
1725004758.395406278,20.4417,0.468437,0.0403268
1725004758.405377448,20.4629,0.470135,0.0397929
1725004758.435285818,20.4837,0.471805,0.0400598
1725004758.455051927,20.5049,0.473516,0.0404602
1725004758.475294548,20.5263,0.475269,0.0412362
1725004758.495296193,20.5475,0.477027,0.04177
1725004758.525036729,20.5686,0.478808,0.0423038
1725004758.535231952,20.5899,0.480633,0.0429958
1725004758.565268801,20.6112,0.482483,0.0437965
1725004758.575296489,20.643,0.485302,0.0445971
1725004758.605289735,20.6643,0.487229,0.0455311
1725004758.625198911,20.6855,0.489178,0.0461983
1725004758.645066978,20.7068,0.491161,0.0465985
1725004758.665304329,20.7284,0.493196,0.0471322
1725004758.695255261,20.7498,0.495234,0.0479327
1725004758.705334179,20.7712,0.49731,0.0485998
1725004758.725052977,20.7926,0.499421,0.0495336
1725004758.745320215,20.8139,0.501543,0.0500673
1725004758.775302288,20.835,0.50368,0.0508676
1725004758.795301879,20.8666,0.506945,0.0519348
1725004758.805072310,20.8876,0.509151,0.0526017
1725004758.835251745,20.9086,0.511385,0.0532686
1725004758.855233361,20.9298,0.513672,0.0540689
1725004758.875388993,20.9512,0.515995,0.0543356
1725004758.895363236,20.9722,0.518307,0.0548691
1725004758.925330390,20.9934,0.520657,0.0558026
1725004758.935221044,21.0144,0.523047,0.0571362
1725004758.965069749,21.0356,0.525488,0.0578029
1725004758.975035409,21.0568,0.52796,0.0579363
1725004759.005309166,21.0885,0.531684,0.0591363
1725004759.025324547,21.1095,0.534194,0.059803
1725004759.045290002,21.1307,0.536757,0.060203
1725004759.065302488,21.1518,0.539333,0.0611362
1725004759.095228994,21.1729,0.541936,0.0615362
1725004759.105321719,21.1941,0.544563,0.0618028
1725004759.125294648,21.2152,0.547212,0.0630026
1725004759.145310752,21.2365,0.549928,0.0634025
1725004759.175224192,21.2576,0.552627,0.0642023
1725004759.195226177,21.2788,0.555384,0.0648687
1725004759.205267924,21.3106,0.559552,0.0654019
1725004759.235248714,21.3315,0.562324,0.0660682
1725004759.255213077,21.3527,0.565154,0.0668679
1725004759.275250672,21.3749,0.568167,0.0675095
1725004759.295304969,21.3963,0.571076,0.0679093
1725004759.315316603,21.4177,0.574022,0.0687336
1725004759.335346642,21.439,0.576977,0.0692666
1725004759.365291513,21.4601,0.579931,0.0695331
1725004759.385417519,21.4813,0.582919,0.0704658
1725004759.395396514,21.5023,0.585905,0.0707322
1725004759.425346345,21.5341,0.59046,0.0713984
1725004759.445261402,21.5552,0.593517,0.071798
1725004759.465317042,21.5764,0.59659,0.0721977
1725004759.485275132,21.5977,0.599711,0.0731302
1725004759.505292237,21.619,0.602853,0.0736631
1725004759.525272800,21.6402,0.606018,0.0741959
1725004759.555045519,21.6614,0.609206,0.0747286
1725004759.565311219,21.6825,0.612385,0.0747287
1725004759.595217806,21.7035,0.615551,0.074995
1725004759.605229003,21.7245,0.618734,0.0751282
1725004759.635019184,21.7561,0.62355,0.0757942
1725004759.655045087,21.7769,0.626733,0.0761937
1725004759.675247670,21.7978,0.629965,0.0767264
1725004759.695222173,21.8189,0.63324,0.0772591
1725004759.715069860,21.8397,0.636497,0.0777918
1725004759.735228598,21.8608,0.639817,0.0783244
1725004759.765299432,21.8818,0.643152,0.0789902
1725004759.785325996,21.9029,0.646529,0.0797891
1725004759.795047182,21.9241,0.649973,0.080721
1725004759.825340818,21.9451,0.65339,0.0809873
1725004759.845328496,21.9765,0.658564,0.0819192
1725004759.865337134,21.9975,0.662051,0.0825848
1725004759.885372845,22.0185,0.665568,0.082851
1725004759.905388808,22.0393,0.669064,0.0836496
1725004759.925309797,22.0605,0.672667,0.0843151
1725004759.955046385,22.0815,0.676255,0.0849805
1725004759.965313577,22.1024,0.679859,0.0851136
1725004759.995221097,22.1237,0.683536,0.0863113
1725004760.005220000,22.1447,0.687225,0.0867105
1725004760.035230729,22.1657,0.690913,0.0873758
1725004760.055258233,22.1974,0.696562,0.0886817
1725004760.075234369,22.2187,0.700406,0.0893715
1725004760.095252866,22.2396,0.704206,0.0900367
1725004760.115246595,22.2606,0.708043,0.0905688
1725004760.135285433,22.2817,0.711917,0.0912338
1725004760.155292839,22.3028,0.715834,0.0920319
1725004760.185308156,22.3239,0.719785,0.0928299
1725004760.195252974,22.3449,0.723755,0.0934948
1725004760.225413522,22.3661,0.727778,0.0941597
1725004760.235021460,22.3872,0.73184,0.0953564
1725004760.265303332,22.4189,0.737995,0.0962871
1725004760.285310648,22.4399,0.742105,0.0966859
1725004760.305031730,22.461,0.746246,0.096553
1725004760.325307866,22.483,0.750556,0.0968189
1725004760.355354995,22.504,0.754677,0.0966859
1725004760.365366663,22.5249,0.758783,0.0966859
1725004760.385072306,22.5457,0.762863,0.0966859
1725004760.405095733,22.5668,0.767006,0.0972177
1725004760.435237394,22.5876,0.771124,0.0973506
1725004760.455295197,22.6084,0.775222,0.0974835
1725004760.465088443,22.6397,0.781409,0.0972177
1725004760.495252358,22.6608,0.785569,0.0974835
1725004760.515215709,22.6817,0.789703,0.0972177
1725004760.535261590,22.7027,0.793852,0.0976165
1725004760.555301229,22.7235,0.797992,0.0980153
1725004760.585283171,22.7444,0.802138,0.0978823
1725004760.595221266,22.7652,0.80629,0.0982811
1725004760.625452481,22.7861,0.810441,0.0978823
1725004760.635255536,22.807,0.814593,0.0982811
1725004760.665303145,22.8279,0.818787,0.0986799
1725004760.685298268,22.8593,0.825059,0.0986799
1725004760.705085228,22.88,0.829222,0.0986799
1725004760.725304633,22.901,0.833412,0.0986799
1725004760.755286857,22.9217,0.837565,0.0988128
1725004760.765073681,22.9425,0.841734,0.0988128
1725004760.785298808,22.9634,0.84593,0.0988128
1725004760.815275470,22.9843,0.850136,0.0993444
1725004760.835281714,23.0053,0.85438,0.0993444
1725004760.855294961,23.0264,0.85864,0.099876
1725004760.865262975,23.0474,0.862906,0.099876
1725004760.895328459,23.0787,0.869244,0.100009
1725004760.915474132,23.0994,0.873447,0.099876
1725004760.935476088,23.1203,0.877692,0.100142
1725004760.955301031,23.1411,0.881927,0.100009
1725004760.985301159,23.1623,0.886226,0.100009
1725004760.995210480,23.1835,0.890529,0.100275
1725004761.025264241,23.2044,0.894796,0.100142
1725004761.045307066,23.2254,0.899058,0.100009
1725004761.065268673,23.2463,0.903309,0.100275
1725004761.085276430,23.2673,0.907587,0.100009
1725004761.105267895,23.2984,0.91389,0.0996102
1725004761.125309167,23.3194,0.918129,0.0994773
1725004761.145302695,23.3403,0.922341,0.0996102
1725004761.165319049,23.3611,0.926554,0.0994773
1725004761.185268062,23.3818,0.930746,0.099876
1725004761.215229285,23.4027,0.934986,0.099876
1725004761.235273632,23.4236,0.93921,0.0997431
1725004761.255290676,23.4447,0.943497,0.0997431
1725004761.265199305,23.4657,0.947742,0.0996102
1725004761.295037971,23.4865,0.95196,0.0997431
1725004761.315303948,23.5178,0.95829,0.099876
1725004761.335369997,23.5385,0.962498,0.100275
1725004761.355295986,23.559,0.966676,0.100275
1725004761.375079218,23.5811,0.97117,0.100275
1725004761.395077697,23.6021,0.975459,0.100541
1725004761.425459092,23.6232,0.979764,0.100408
1725004761.445313903,23.6442,0.984042,0.100541
1725004761.455051361,23.6651,0.988304,0.100275
1725004761.485303686,23.686,0.992561,0.100275
1725004761.505265054,23.7069,0.996834,0.100408
1725004761.525360740,23.738,1.00316,0.100408
1725004761.545325234,23.7591,1.00747,0.100541
1725004761.565098176,23.7801,1.01176,0.100541
1725004761.585308965,23.8009,1.01601,0.100806
1725004761.615481317,23.8219,1.02031,0.100806
1725004761.625288469,23.8431,1.02465,0.100806
1725004761.655298116,23.864,1.02894,0.100939
1725004761.665291709,23.885,1.03324,0.100806
1725004761.695274533,23.9056,1.03747,0.100806
1725004761.715289584,23.9266,1.04176,0.100939
1725004761.735283925,23.9578,1.04817,0.101338
1725004761.755293705,23.9787,1.05246,0.101205
1725004761.775057711,23.9997,1.05679,0.101471
1725004761.795247380,24.0208,1.06114,0.101869
1725004761.825301432,24.0418,1.06548,0.101338
1725004761.845313376,24.0628,1.06981,0.101604
1725004761.855277553,24.0838,1.07415,0.101604
1725004761.885397272,24.1048,1.07848,0.101736
1725004761.905402924,24.1259,1.08284,0.101604
1725004761.925412535,24.1468,1.08715,0.101338
1725004761.945320579,24.1779,1.09356,0.101338
1725004761.965323155,24.1989,1.09788,0.101072
1725004761.985262099,24.2196,1.10213,0.101205
1725004762.015221007,24.2405,1.10641,0.101072
1725004762.025025925,24.2612,1.11066,0.100541
1725004762.045316880,24.2821,1.11492,0.100673
1725004762.075305255,24.3029,1.11916,0.100142
1725004762.095270379,24.3236,1.12337,0.100275
1725004762.115247927,24.3443,1.1276,0.100009
1725004762.125188067,24.365,1.13179,0.100009
1725004762.155279051,24.3964,1.13816,0.0997431
1725004762.175279985,24.4174,1.14241,0.0996102
1725004762.195292050,24.4382,1.14661,0.0992115
1725004762.215226184,24.4593,1.15085,0.0992115
1725004762.245307940,24.4802,1.15506,0.0989457
1725004762.255275392,24.5011,1.15927,0.0992115
1725004762.285698017,24.5221,1.16349,0.0993444
1725004762.305308896,24.5429,1.1677,0.0994773
1725004762.325316353,24.564,1.17196,0.0993444
1725004762.345318649,24.585,1.17619,0.0992115
1725004762.365303822,24.6165,1.18253,0.0990786
1725004762.385387486,24.6374,1.18674,0.0993444
1725004762.415308290,24.6585,1.19098,0.0990786
1725004762.425433368,24.6804,1.19539,0.0988128
1725004762.445295072,24.7013,1.19959,0.0988128
1725004762.475281553,24.7224,1.2038,0.0982811
1725004762.495247900,24.7435,1.20802,0.0986799
1725004762.515220889,24.7645,1.21223,0.0990786
1725004762.525293335,24.7855,1.21645,0.0989457
1725004762.555246191,24.8066,1.22069,0.0990786
1725004762.575288164,24.8382,1.22705,0.0989457
1725004762.595101625,24.8593,1.23128,0.0985469
1725004762.615229164,24.8804,1.23549,0.0988128
1725004762.645280671,24.9013,1.2397,0.0989457
1725004762.655225610,24.9223,1.2439,0.0986799
1725004762.685269453,24.9434,1.24812,0.0985469
1725004762.705274333,24.9643,1.2523,0.0980153
1725004762.725316587,24.9853,1.25647,0.0978823
1725004762.745297262,25.0063,1.26066,0.0981482
1725004762.765298115,25.0271,1.26479,0.0978823
1725004762.785302615,25.0583,1.271,0.0981482
1725004762.815248698,25.0791,1.27513,0.0978823
1725004762.825305113,25.1,1.27928,0.0976165
1725004762.845310535,25.1208,1.28339,0.0977494
1725004762.875281166,25.1417,1.28754,0.0977494
1725004762.895274545,25.1626,1.2917,0.0980153
1725004762.915315165,25.1835,1.29587,0.0985469
1725004762.925437077,25.2045,1.30005,0.0982811
1725004762.955282355,25.2253,1.30421,0.098414
1725004762.975288749,25.2462,1.30838,0.0978823
1725004762.995300214,25.2776,1.31461,0.0981482
1725004763.015244196,25.2984,1.31876,0.0980153
1725004763.035092374,25.3193,1.32292,0.098414
1725004763.055030797,25.3402,1.3271,0.098414
1725004763.085270969,25.3613,1.33132,0.0985469
1725004763.105317389,25.3823,1.33551,0.098414
1725004763.115058865,25.4032,1.33968,0.0981482
1725004763.145230315,25.4244,1.3439,0.0978823
1725004763.165297806,25.4454,1.34809,0.098414
1725004763.185279162,25.4664,1.35226,0.0978577
1725004763.205298110,25.498,1.35853,0.0974836
1725004763.225297681,25.5191,1.3627,0.0977494
1725004763.245297253,25.54,1.36686,0.0977494
1725004763.275227685,25.5609,1.371,0.0974835
1725004763.285288719,25.5818,1.37514,0.0978823
1725004763.315247647,25.6025,1.37925,0.0977494
1725004763.335301684,25.6236,1.38345,0.0981482
1725004763.355271436,25.6447,1.38764,0.0981482
1725004763.375227634,25.6658,1.39184,0.0980153
1725004763.395304524,25.6871,1.39607,0.0981482
1725004763.415286942,25.7186,1.40236,0.0981482
1725004763.435275060,25.7396,1.40653,0.0981482
1725004763.455427487,25.7618,1.41095,0.0978823
1725004763.485520223,25.7827,1.41511,0.0978823
1725004763.505305289,25.8036,1.41926,0.0976165
1725004763.515241272,25.8246,1.4234,0.0976165
1725004763.545301656,25.8455,1.42756,0.0977494
1725004763.565298161,25.8664,1.4317,0.0976165
1725004763.585159605,25.8871,1.43579,0.0973506
1725004763.605279639,25.908,1.43991,0.0970847
1725004763.625304609,25.9394,1.44611,0.0974835
1725004763.645273350,25.9602,1.45022,0.0974835
1725004763.675037622,25.9811,1.45434,0.0970847
1725004763.685272442,26.0017,1.45842,0.0976165
1725004763.715030872,26.0225,1.46252,0.0972177
1725004763.735283062,26.0435,1.46666,0.0970847
1725004763.755246343,26.0643,1.47077,0.0972177
1725004763.775028082,26.0852,1.47488,0.0970847
1725004763.785393765,26.1062,1.47903,0.0968189
1725004763.815025551,26.1272,1.48315,0.0969518
1725004763.835273993,26.1588,1.48937,0.0969518
1725004763.855292380,26.1797,1.49347,0.0968189
1725004763.875074620,26.2009,1.49764,0.0973506
1725004763.905311236,26.2219,1.50179,0.0972176
1725004763.915034737,26.243,1.50596,0.0973506
1725004763.945106493,26.2639,1.5101,0.0978823
1725004763.965312304,26.2848,1.51425,0.0979906
1725004763.985235897,26.3061,1.51849,0.098414
1725004764.005088284,26.327,1.52266,0.098414
1725004764.025085560,26.3478,1.52683,0.0985469
1725004764.045080030,26.3793,1.53314,0.0986799
1725004764.075286368,26.4005,1.53736,0.0985469
1725004764.085217851,26.4214,1.54155,0.0985469
1725004764.105087440,26.4424,1.54576,0.0985469
1725004764.135278386,26.4635,1.54997,0.0985469
1725004764.155280763,26.4844,1.55415,0.0985469
1725004764.175276275,26.5055,1.55837,0.0981482
1725004764.185515504,26.5266,1.56257,0.098414
1725004764.215248996,26.5477,1.56679,0.0985469
1725004764.235246493,26.5686,1.57098,0.0981482
1725004764.255294638,26.6001,1.57723,0.0978823
1725004764.275274211,26.6211,1.5814,0.0977494
1725004764.305300098,26.6419,1.58553,0.0973506
1725004764.315275997,26.6627,1.58963,0.0970847
1725004764.345302526,26.6836,1.59374,0.0969518
1725004764.365310462,26.7043,1.5978,0.0969518
1725004764.385336414,26.7253,1.60192,0.096553
1725004764.405352807,26.7463,1.60605,0.096553
1725004764.425433706,26.7672,1.61012,0.096553
1725004764.445383520,26.7882,1.61424,0.0962871
1725004764.475347649,26.8197,1.6204,0.096553
1725004764.485265856,26.8417,1.6247,0.096553
1725004764.505280065,26.8625,1.62879,0.09642
1725004764.535279051,26.8838,1.63294,0.0962871
1725004764.555288571,26.9046,1.63701,0.096553
1725004764.575084537,26.9256,1.64111,0.0958882
1725004764.585318226,26.9465,1.64517,0.0960212
1725004764.615260192,26.9672,1.6492,0.0960212
1725004764.635259662,26.9882,1.65329,0.0958882
1725004764.655431496,27.009,1.65735,0.0960212
1725004764.675244457,27.0404,1.66345,0.0960212
1725004764.695249288,27.0614,1.66756,0.0960212
1725004764.715230633,27.0825,1.67167,0.096553
1725004764.745306597,27.1035,1.67578,0.0961295
1725004764.765314084,27.1247,1.6799,0.0962871
1725004764.775242161,27.1459,1.68404,0.0962871
1725004764.805279680,27.1668,1.68813,0.0962871
1725004764.825298098,27.1878,1.69223,0.0961541
1725004764.845310193,27.2089,1.69634,0.0961541
1725004764.865328470,27.2298,1.70042,0.0961541
1725004764.885322070,27.2615,1.7066,0.0962871
1725004764.905305529,27.2826,1.71073,0.0961541
1725004764.935082545,27.3039,1.71488,0.0962871
1725004764.945374234,27.3249,1.71898,0.09642
1725004764.975385645,27.3458,1.72307,0.0961541
1725004764.995300182,27.3669,1.72719,0.09642
1725004765.015304080,27.3879,1.73129,0.0962871
1725004765.035242854,27.4088,1.73537,0.0957553
1725004765.055298542,27.4297,1.73942,0.0958882
1725004765.075298615,27.4505,1.74347,0.0956223
1725004765.095252798,27.4817,1.74951,0.0953564
1725004765.115312746,27.5026,1.75355,0.0954894
1725004765.145305599,27.5234,1.75756,0.0950905
1725004765.165318436,27.544,1.76154,0.0948245
1725004765.175318912,27.5651,1.76558,0.0946916
1725004765.205274965,27.5861,1.76963,0.0946916
1725004765.225272301,27.607,1.77363,0.0949575
1725004765.245322069,27.628,1.77769,0.0952234
1725004765.265321710,27.6489,1.78172,0.0954893
1725004765.285303056,27.6699,1.78579,0.0952234
1725004765.305273110,27.7014,1.79187,0.0952234
1725004765.335181149,27.7223,1.7959,0.0950905
1725004765.345076864,27.743,1.7999,0.0949575
1725004765.375299521,27.7641,1.80395,0.0950905
1725004765.395286138,27.7849,1.80798,0.0952234
1725004765.415336226,27.8058,1.81201,0.0950905
1725004765.435338392,27.8269,1.81606,0.0948245
1725004765.455380996,27.8478,1.82008,0.0949575
1725004765.475423680,27.8691,1.82418,0.0950905
1725004765.495255396,27.89,1.82823,0.0956223
1725004765.515252462,27.9216,1.83435,0.0957306
1725004765.545305943,27.9435,1.83861,0.0956223
1725004765.565311195,27.9644,1.84267,0.0958882
1725004765.575257907,27.9852,1.84672,0.0958882
1725004765.605089640,28.0062,1.85079,0.0956223
1725004765.625029866,28.0271,1.85486,0.0961541
1725004765.645285462,28.0482,1.85898,0.0960212
1725004765.665319489,28.0693,1.86306,0.0956223
1725004765.685202174,28.0905,1.86717,0.0956223
1725004765.705292110,28.1118,1.87131,0.0958882
1725004765.735252912,28.1433,1.87743,0.0956223
1725004765.745315588,28.1642,1.88149,0.0956223
1725004765.765100153,28.1853,1.88557,0.0956223
1725004765.795275981,28.2062,1.88963,0.0956223
1725004765.815247979,28.227,1.89367,0.0953564
1725004765.835252089,28.2482,1.89775,0.0952234
1725004765.845080743,28.2692,1.90183,0.0957553
1725004765.875070360,28.2903,1.90591,0.0956223
1725004765.895257985,28.3112,1.90997,0.0956223
1725004765.915316740,28.3318,1.91397,0.0957553
1725004765.935351399,28.3632,1.92006,0.0953564
1725004765.965393068,28.3841,1.9241,0.0957553
1725004765.975394747,28.405,1.92817,0.0957553
1725004766.005294040,28.426,1.93223,0.0957553
1725004766.025292939,28.447,1.93633,0.09642
1725004766.045323198,28.4679,1.9404,0.0960212
1725004766.065297441,28.4887,1.94445,0.0960212
1725004766.085224482,28.5095,1.94852,0.0958882
1725004766.105311491,28.5304,1.95257,0.0957553
1725004766.135257535,28.5514,1.95665,0.0960212
1725004766.145299101,28.5825,1.96271,0.0958882
1725004766.165265849,28.6037,1.96682,0.0956223
1725004766.195276707,28.6247,1.9709,0.0957553
1725004766.215246461,28.6459,1.975,0.0956223
1725004766.235281480,28.667,1.9791,0.0954894
1725004766.255248548,28.6881,1.98318,0.0954894
1725004766.275275703,28.7093,1.9873,0.0956223
1725004766.295057091,28.7304,1.99139,0.0955977
1725004766.315294593,28.7514,1.99545,0.0953564
1725004766.335275066,28.7725,1.99954,0.0954894
1725004766.365315651,28.8039,2.00561,0.0954894
1725004766.375045835,28.8248,2.00966,0.0954894
1725004766.405271270,28.8458,2.01372,0.0954894
1725004766.425335796,28.8668,2.01781,0.0960212
1725004766.435422460,28.8879,2.02191,0.0957553
1725004766.465376078,28.9089,2.02599,0.0961541
1725004766.485392391,28.93,2.03012,0.0962871
1725004766.505313651,28.9511,2.03423,0.0960212
1725004766.525305046,28.9719,2.03829,0.0962871
1725004766.545325036,28.9929,2.04239,0.09642
1725004766.565297866,29.0245,2.04856,0.0961541
1725004766.595292673,29.0463,2.05281,0.0960212
1725004766.605317868,29.0674,2.05691,0.0960212
1725004766.635249372,29.0885,2.06103,0.0961541
1725004766.655308358,29.1093,2.06509,0.0961541
1725004766.675090468,29.1304,2.06919,0.0958882
1725004766.695284656,29.1511,2.07323,0.0960212
1725004766.715226795,29.1721,2.07731,0.0956223
1725004766.735276864,29.1933,2.08141,0.0957553
1725004766.755097798,29.2143,2.0855,0.0957553
1725004766.775289562,29.2456,2.09156,0.0954894
1725004766.805269490,29.2666,2.09563,0.0956223
1725004766.825284551,29.2875,2.09969,0.0956223
1725004766.835249379,29.3084,2.10373,0.0952234
1725004766.865320323,29.3294,2.10779,0.0953564
1725004766.885308552,29.3504,2.11185,0.0952234
1725004766.905309556,29.3716,2.11594,0.0952234
1725004766.925362390,29.3926,2.12001,0.0956223
1725004766.945300642,29.4136,2.12408,0.0954894
1725004766.965332977,29.4346,2.12814,0.0953564
1725004766.995257478,29.4661,2.13423,0.0953564
1725004767.005307260,29.4871,2.13828,0.0953564
1725004767.035240018,29.5083,2.14238,0.0950905
1725004767.055261882,29.5291,2.14642,0.0957553
1725004767.075267545,29.5502,2.1505,0.0958636
1725004767.095284399,29.5712,2.1546,0.0958882
1725004767.115289289,29.5922,2.15867,0.0958882
1725004767.135283550,29.6135,2.16281,0.0962871
1725004767.155046663,29.6346,2.16694,0.09642
1725004767.175292791,29.6556,2.17106,0.09642
1725004767.205304692,29.6871,2.17724,0.0969518
1725004767.225230240,29.7082,2.18138,0.0969518
1725004767.235249733,29.7291,2.18549,0.0966859
1725004767.265314827,29.7502,2.18963,0.0972177
1725004767.285290030,29.7714,2.19381,0.0972177
1725004767.305304179,29.7924,2.19795,0.0970847
1725004767.325270576,29.8135,2.20212,0.0974835
1725004767.355288358,29.8345,2.20627,0.0973506
1725004767.365304384,29.8555,2.21043,0.0973506
1725004767.395237091,29.8765,2.21456,0.0973506
1725004767.405066658,29.9077,2.22072,0.0973506
1725004767.425394504,29.9285,2.22484,0.0972177
1725004767.455359073,29.9493,2.22893,0.0973506
1725004767.475353142,29.9701,2.23304,0.0970847
1725004767.495498285,29.9909,2.23714,0.0969518
1725004767.515296115,30.0118,2.24125,0.0968189
1725004767.535242634,30.0327,2.24536,0.0970847
1725004767.555280920,30.0537,2.2495,0.0969518
1725004767.575292964,30.0746,2.2536,0.0970847
1725004767.595274460,30.0953,2.25769,0.0972177
1725004767.625036879,30.1268,2.26389,0.0972177
1725004767.635257401,30.1486,2.2682,0.0969518
1725004767.665080106,30.1694,2.27229,0.0969518
1725004767.685426708,30.1906,2.27645,0.0966859
1725004767.705308059,30.2117,2.28058,0.0966859
1725004767.725138664,30.2325,2.28467,0.0969518
1725004767.745520865,30.2535,2.2888,0.09642
1725004767.765305199,30.2743,2.29286,0.096553
1725004767.795389330,30.2952,2.29696,0.0968189
1725004767.805308048,30.3162,2.30108,0.09642
1725004767.825082503,30.3476,2.30723,0.0968189
1725004767.855245316,30.3686,2.31137,0.097193
1725004767.875305424,30.3899,2.31557,0.0972176
1725004767.895313912,30.4109,2.31971,0.0970847
1725004767.915212898,30.4318,2.32383,0.0972176
1725004767.935281723,30.4529,2.32799,0.0973506
1725004767.955339657,30.4737,2.3321,0.0973506
1725004767.975390628,30.4946,2.33623,0.0977494
1725004767.995125777,30.5155,2.34038,0.0977494
1725004768.025307646,30.5364,2.34453,0.0974835
1725004768.035226906,30.5682,2.3508,0.0974835
1725004768.065235660,30.5892,2.35498,0.0980153
1725004768.085258996,30.6102,2.35915,0.0981482
1725004768.105304936,30.6309,2.36329,0.0985469
1725004768.125334506,30.6517,2.36744,0.0982811
1725004768.145310080,30.6725,2.37158,0.0977494
1725004768.165050349,30.6931,2.37567,0.0978823
1725004768.195032392,30.7138,2.37979,0.0980153
1725004768.205300005,30.7347,2.38394,0.0981482
1725004768.225273697,30.7553,2.38805,0.0982811
1725004768.255248084,30.7858,2.39414,0.0982811
1725004768.275281611,30.806,2.39816,0.0985469
1725004768.295381456,30.8262,2.40221,0.0982811
1725004768.315281865,30.8461,2.40618,0.0985469
1725004768.335088212,30.866,2.41015,0.0985469
1725004768.355284554,30.8855,2.41407,0.0986799
1725004768.375299886,30.905,2.41796,0.0985469
1725004768.395067779,30.9244,2.42184,0.098414
1725004768.415079282,30.9436,2.42566,0.0982811
1725004768.435241708,30.9627,2.42948,0.0978823
1725004768.465280891,30.9911,2.43512,0.0977494
1725004768.485320048,31.0097,2.4388,0.0977494
1725004768.495095039,31.0284,2.4425,0.0976165
1725004768.525328018,31.047,2.4462,0.0980152
1725004768.545303902,31.0655,2.44987,0.0980153
1725004768.565320446,31.0839,2.45352,0.0973506
1725004768.585309256,31.1024,2.45718,0.0974835
1725004768.615221974,31.1208,2.4608,0.0968189
1725004768.625271967,31.1393,2.46444,0.0966859
1725004768.655332642,31.1576,2.46802,0.096553
1725004768.665061454,31.1861,2.47362,0.0966613
1725004768.695250286,31.2047,2.47727,0.0966859
1725004768.715229839,31.2229,2.48083,0.09642
1725004768.735256452,31.2415,2.48446,0.096553
1725004768.755285409,31.2595,2.48799,0.0962871
1725004768.785262723,31.2778,2.49156,0.0961541
1725004768.795291315,31.2958,2.49506,0.0961541
1725004768.815029449,31.3141,2.49863,0.0961541
1725004768.835222204,31.3322,2.50216,0.0958882
1725004768.865303038,31.3504,2.50571,0.0957553
1725004768.885279925,31.3773,2.51093,0.0961541
1725004768.895239783,31.3952,2.51442,0.0962871
1725004768.925323803,31.4127,2.51785,0.0960212
1725004768.945313545,31.4305,2.5213,0.0958882
1725004768.965326592,31.4477,2.52465,0.0957553
1725004768.985336462,31.4649,2.52798,0.0952234
1725004769.015400074,31.4821,2.53129,0.0949575
1725004769.025442311,31.499,2.53455,0.0948246
1725004769.055280996,31.5158,2.53777,0.0946916
1725004769.065265232,31.5324,2.54095,0.0948245
1725004769.095276080,31.5568,2.54563,0.0944256
1725004769.115043251,31.5728,2.54871,0.0945586
1725004769.135286624,31.5887,2.55175,0.0942927
1725004769.155259102,31.6045,2.55477,0.0941597
1725004769.175378484,31.6201,2.55775,0.0938937
1725004769.195295976,31.6358,2.56073,0.0937608
1725004769.215012559,31.6513,2.56368,0.0937608
1725004769.235229561,31.6667,2.5666,0.0936278
1725004769.255294879,31.6822,2.56953,0.0934948
1725004769.285269528,31.6976,2.57243,0.0922979
1725004769.295255797,31.7208,2.57676,0.0917659
1725004769.325101726,31.7363,2.57963,0.0909678
1725004769.345305042,31.7517,2.58245,0.0897706
1725004769.365301717,31.7671,2.58524,0.0889724
1725004769.385268063,31.7826,2.58802,0.0881741
1725004769.405087436,31.7978,2.59072,0.0872428
1725004769.425314978,31.8132,2.59341,0.0863113
1725004769.455277573,31.8283,2.59604,0.0855129
1725004769.465315652,31.8433,2.59862,0.0844482
1725004769.485363597,31.8584,2.60118,0.0835165
1725004769.515456033,31.8808,2.60491,0.0816529
1725004769.535389075,31.8956,2.60734,0.0804548
1725004769.555302830,31.9101,2.60967,0.0789902
1725004769.575300958,31.9247,2.61199,0.077925
1725004769.595297824,31.9392,2.61424,0.0764601
1725004769.615220456,31.9534,2.61642,0.0752614
1725004769.635232651,31.9674,2.61853,0.0744623
1725004769.655293711,31.9814,2.62062,0.0735298
1725004769.685279931,31.9949,2.6226,0.0724395
1725004769.695204622,32.0083,2.62456,0.0717734
1725004769.725268272,32.0286,2.62746,0.0703325
1725004769.745309143,32.0413,2.62925,0.0692666
1725004769.765228888,32.0536,2.63096,0.0686003
1725004769.785302673,32.0658,2.63263,0.0678007
1725004769.805282026,32.0775,2.63422,0.0670012
1725004769.825302387,32.0891,2.63578,0.0660682
1725004769.855280602,32.1004,2.63727,0.0655352
1725004769.875295012,32.1115,2.63873,0.0648687
1725004769.885263617,32.1224,2.64014,0.0642023
1725004769.915251702,32.1329,2.64149,0.0636691
1725004769.935215653,32.1481,2.64342,0.0624694
1725004769.955298816,32.1579,2.64465,0.0619361
1725004769.975359084,32.1675,2.64584,0.0608696
1725004769.995328095,32.1768,2.64697,0.0603363
1725004770.015419915,32.1859,2.64807,0.059803
1725004770.045303848,32.1948,2.64913,0.059403
1725004770.055299535,32.2036,2.65017,0.0587363
1725004770.075328072,32.212,2.65117,0.0580696
1725004770.095225064,32.2204,2.65214,0.0574029
1725004770.125262694,32.2286,2.65308,0.0564694
1725004770.145318575,32.2407,2.65443,0.0552692
1725004770.155363287,32.2485,2.6553,0.0546024
1725004770.185284112,32.2563,2.65614,0.0538021
1725004770.205048918,32.2643,2.657,0.053402
1725004770.225303553,32.2721,2.65783,0.0522016
1725004770.245320087,32.2797,2.65863,0.0514012
1725004770.275296938,32.2874,2.65941,0.0506009
1725004770.285277307,32.2949,2.66017,0.0498005
1725004770.315081555,32.3025,2.66092,0.0494003
1725004770.325317248,32.3099,2.66166,0.0484664
1725004770.355294541,32.3213,2.66275,0.0476659
1725004770.375293620,32.3289,2.66348,0.0468654
1725004770.395280136,32.3366,2.66419,0.0460648
1725004770.415298964,32.3443,2.6649,0.0453977
1725004770.445277650,32.352,2.6656,0.0449974
1725004770.455071498,32.3597,2.66629,0.044864
1725004770.475269041,32.3674,2.66698,0.0445971
1725004770.495272269,32.3751,2.66767,0.0444637
1725004770.525412679,32.3826,2.66833,0.0443302
1725004770.545464741,32.3898,2.66898,0.0443302
1725004770.555237638,32.4008,2.66995,0.0437965
1725004770.585305286,32.408,2.67058,0.0433961
1725004770.605253047,32.4151,2.6712,0.0431293
1725004770.625315860,32.4221,2.6718,0.0428624
1725004770.645302326,32.4289,2.67238,0.042462
1725004770.675255313,32.4354,2.67293,0.0421951
1725004770.685269576,32.4418,2.67348,0.0419282
1725004770.715260856,32.4481,2.674,0.0417948
1725004770.725299788,32.4543,2.67452,0.0415279
1725004770.755298031,32.4603,2.67501,0.0407271
1725004770.775291832,32.4694,2.67576,0.0403268
1725004770.795271775,32.4752,2.67622,0.0401933
1725004770.815249874,32.4808,2.67667,0.0400598
1725004770.845302513,32.4862,2.6771,0.0397929
1725004770.855291057,32.4915,2.67752,0.039526
1725004770.875252294,32.4967,2.67794,0.0393925
1725004770.895292382,32.5017,2.67833,0.0389921
1725004770.915256375,32.5065,2.6787,0.0388587
1725004770.945325997,32.5111,2.67906,0.0385917
1725004770.955072673,32.5156,2.67941,0.0383248
1725004770.985324357,32.522,2.6799,0.0381913
1725004771.005372202,32.526,2.6802,0.0379244
1725004771.025421549,32.5297,2.68048,0.0376574
1725004771.045446840,32.5332,2.68075,0.0373905
1725004771.065193050,32.5365,2.68099,0.03699
1725004771.085304487,32.5396,2.68122,0.0371235
1725004771.115235952,32.5425,2.68144,0.0371235
1725004771.135029594,32.5452,2.68164,0.03699
1725004771.145100848,32.5475,2.68181,0.0365896
1725004771.175275784,32.5498,2.68198,0.0368566
1725004771.195255466,32.5524,2.68217,0.0365896
1725004771.215299012,32.554,2.68229,0.0365896
1725004771.235030334,32.5553,2.68238,0.0365896
1725004771.254986100,32.5566,2.68247,0.0364561
1725004771.275253860,32.5575,2.68255,0.0363226
1725004771.305419728,32.5583,2.6826,0.0364561
1725004771.315093443,32.5589,2.68264,0.0363226
1725004771.345317003,32.5592,2.68267,0.0361892
1725004771.355262073,32.5593,2.68268,0.0361892
1725004771.385264284,32.5593,2.68268,0.0361892
1725004771.405273675,32.5593,2.68268,0.0361892
1725004771.425287553,32.5592,2.68267,0.0361892
1725004771.445308425,32.5591,2.68266,0.0361892
1725004771.465280874,32.5589,2.68265,0.0361892
1725004771.485335020,32.5587,2.68263,0.0360557
1725004771.515368672,32.5585,2.68262,0.0361892
1725004771.535374455,32.5581,2.68259,0.0361892
1725004771.545331588,32.5579,2.68257,0.0361892
1725004771.575247362,32.5575,2.68255,0.0360557
1725004771.595076003,32.5574,2.68253,0.0359222
1725004771.615248929,32.5572,2.68252,0.0357887
1725004771.635259651,32.5571,2.68251,0.0359222
1725004771.655274231,32.557,2.6825,0.0359222
1725004771.675261208,32.5568,2.6825,0.0359222
1725004771.705277236,32.5568,2.6825,0.0359222
1725004771.715003142,32.5567,2.68249,0.0359222
1725004771.745313640,32.5567,2.68249,0.0359222
1725004771.755291002,32.5566,2.68248,0.0360557
1725004771.785052217,32.5566,2.68248,0.0360557
